
use trabajo_final_fundamentos_bases_de_datos;

-- EMPEZAMOS CON LAS INSERCCIONES EN LAS TABLAS SIGUIENDO LAS RECOMENDACIONES
 
 -- TABLA CATEGORIA
 INSERT INTO categoria (IdC , NombreC) VALUES
 ('C001', 'Inteligencia Artificial'), ('C002', 'Economia'),
 ('C003', 'Estadistica y empresa'), ('C004', 'Informatica'),
 ('C005', 'Derecho'), ('C006', 'Ingeniería'), ('C007', 'Marketing'),
 ('C008', 'Matematicas'),('C009', 'Periodismo'),
 ('C010', 'Artes'),('C011', 'Ciencia de datos'),
 ('C012', 'Educación'),('C013', 'Deporte'),('C014', 'Medicina'),
 ('C015', 'Robótica'),('C016', 'Emprendimiento'),
('C017', 'Literatura'),('C018', 'Producción sonora'),
('C019', 'Diseño gráfico'),('C020', 'Turismo internacional');

-- TABLA PERSONA


INSERT INTO persona (CodP, Nombre, Apellidos, Género, TipoP)
Values ('P001', 'Carlos','Sache', 'H','UC3M'),('P002', 'Manuel','Campo', 'H','Otro'), ('P003', 'Claudia','Lopez','M','UC3M'), ('P004', 'Beatriz','Lebed','M','UC3M'), ('P005', 'Marcos','Lions','H','Otro'), ('P006', 'Izan','Gonza','H','UC3M'),('P007', 'Carla','Perez','M','Otro'),('P008', 'Aaron','Celaz','H','Otro'),('P009', 'Lisa','Xu','M','UC3M'),
('P010', 'Carla', 'Sache', 'M', 'UC3M');

INSERT INTO persona (CodP, Nombre, Apellidos, Género, TipoP) VALUES
('P011', 'Carlos', 'Sache', 'H', 'UC3M'),('P012', 'Laura', 'Perez', 'M', 'UC3M'),('P013', 'Ana', 'Lopez', 'M', 'UC3M'),('P014', 'Jorge', 'Diaz', 'H', 'UC3M'),
('P015', 'Marta', 'Rios', 'M', 'UC3M'),('P016', 'Luis', 'Vega', 'H', 'UC3M'),('P017', 'Elena', 'Cruz', 'M', 'UC3M'),('P018', 'Raul', 'Gomez', 'H', 'UC3M'),('P019', 'Irene', 'Feli', 'M', 'UC3M'),
('P020', 'Pablo', 'Nava', 'H', 'UC3M'),('P021', 'Sofia', 'Mora', 'M', 'UC3M'),('P022', 'David', 'Orte', 'H', 'UC3M'),('P023', 'Lucia', 'Sanz', 'M', 'UC3M'),
('P024', 'Mario', 'Rey', 'H', 'UC3M'),('P025', 'Clara', 'Alva', 'M', 'UC3M'),('P026', 'Andres', 'Leal', 'H', 'UC3M'),('P027', 'Paula', 'Rued', 'M', 'UC3M'),('P028', 'Hugo', 'Toro', 'H', 'UC3M'),('P029', 'Nora', 'Vial', 'M', 'UC3M'),
('P030', 'Diego', 'Cano', 'H', 'UC3M'),('P031', 'Lidia', 'Mora', 'M', 'UC3M'),('P032', 'Oscar', 'Reis', 'H', 'UC3M'),('P033', 'Elisa', 'Pons', 'M', 'UC3M'),('P034', 'Victor', 'Lina', 'H', 'UC3M'),('P035', 'Rosa', 'Alba', 'M', 'UC3M'),
('P036', 'Adrian', 'Mesa', 'H', 'UC3M'),('P037', 'Miriam', 'Pina', 'M', 'UC3M'),('P038', 'Sergio', 'Neto', 'H', 'UC3M'),('P039', 'Claudia', 'Rami', 'M', 'UC3M'),('P040', 'Javier', 'Cres', 'H', 'UC3M'),
('P041', 'Carla', 'Sola', 'M', 'UC3M'),('P042', 'Alberto', 'Luna', 'H', 'UC3M'),('P043', 'Ines', 'Vera', 'M', 'UC3M'),('P044', 'Felix', 'Ocho', 'H', 'UC3M'),
('P045', 'Eva', 'Toro', 'M', 'UC3M'),('P046', 'Hector', 'Pena', 'H', 'UC3M'),('P047', 'Sara', 'Loza', 'M', 'UC3M'),('P048', 'Juan', 'Rico', 'H', 'UC3M'),('P049', 'Paula', 'Gala', 'M', 'UC3M'),
('P050', 'Luis', 'Soto', 'H', 'UC3M'),('P051', 'Marta', 'Nash', 'M', 'UC3M'),('P052', 'David', 'Reid', 'H', 'UC3M'),('P053', 'Nina', 'Leal', 'M', 'UC3M'),('P054', 'Raul', 'Paz', 'H', 'UC3M'),('P055', 'Elena', 'Miel', 'M', 'UC3M'),('P056', 'Diego', 'Cruz', 'H', 'UC3M'),
('P057', 'Sofia', 'Vega', 'M', 'UC3M'),('P058', 'Andres', 'Rios', 'H', 'UC3M'),('P059', 'Clara', 'Sanz', 'M', 'UC3M'),('P060', 'Oscar', 'Leal', 'H', 'UC3M');
INSERT INTO persona (CodP, Nombre, Apellidos, Género, TipoP) VALUES
('P061', 'Aitor', 'Cruz', 'H', 'UC3M'),('P062', 'Belén', 'Fior', 'M', 'UC3M'),('P063', 'Ciro', 'Neto', 'H', 'UC3M'),('P064', 'Dafne', 'Rosa', 'M', 'UC3M'),
('P065', 'Elias', 'Lara', 'H', 'UC3M'),('P066', 'Flora', 'Vidal', 'M', 'UC3M'),('P067', 'Galo', 'Mora', 'H', 'UC3M'),('P068', 'Hilda', 'Reis', 'M', 'UC3M'),('P069', 'Ian', 'Pons', 'H', 'UC3M'),
('P070', 'Jana', 'Mesa', 'M', 'UC3M'),('P071', 'Kiko', 'Riel', 'H', 'UC3M'),('P072', 'Lara', 'Soto', 'M', 'UC3M'),('P073', 'Mateo', 'Loza', 'H', 'UC3M'),('P074', 'Nora', 'Paz', 'M', 'UC3M'),('P075', 'Omar', 'Feli', 'H', 'UC3M'),('P076', 'Paula', 'Lina', 'M', 'UC3M'),
('P077', 'Quim', 'Alba', 'H', 'UC3M'),('P078', 'Rita', 'Nash', 'M', 'UC3M'),('P079', 'Saul', 'Rios', 'H', 'UC3M'),('P080', 'Tina', 'Cres', 'M', 'UC3M'),('P081', 'Ubaldo', 'Vega', 'H', 'UC3M'),
('P082', 'Vera', 'Leal', 'M', 'UC3M'),('P083', 'Wilmer', 'Orte', 'H', 'UC3M'),('P084', 'Ximena', 'Cano', 'M', 'UC3M'),('P085', 'Yago', 'Rey', 'H', 'UC3M'),('P086', 'Zara', 'Sanz', 'M', 'UC3M'),('P087', 'Ane', 'Rami', 'M', 'UC3M'),
('P088', 'Bruno', 'Neto', 'H', 'UC3M'),('P089', 'Carla', 'Pina', 'M', 'UC3M'),('P090', 'Diego', 'Toro', 'H', 'UC3M'),('P091', 'Elisa', 'Miel', 'M', 'UC3M'),
('P092', 'Félix', 'Cres', 'H', 'UC3M'),('P093', 'Gina', 'Luna', 'M', 'UC3M'),('P094', 'Hugo', 'Alva', 'H', 'UC3M'),('P095', 'Iris', 'Rued', 'M', 'UC3M'),
('P096', 'Jorge', 'Vial', 'H', 'UC3M'),('P097', 'Karla', 'Sola', 'M', 'UC3M'),('P098', 'Leo', 'Orte', 'H', 'UC3M'),('P099', 'Mia', 'Nash', 'M', 'UC3M'),('P100', 'Nico', 'Paz', 'H', 'UC3M'),
('P101', 'Ona', 'Feli', 'M', 'UC3M'),('P102', 'Paco', 'Lira', 'H', 'UC3M'),('P103', 'Rosa', 'Mesa', 'M', 'UC3M'),('P104', 'Saul', 'Cruz', 'H', 'UC3M'),('P105', 'Tina', 'Rosa', 'M', 'UC3M'),
('P106', 'Ugo', 'Soto', 'H', 'UC3M'),('P107', 'Violeta', 'Reid', 'M', 'UC3M'),('P108', 'Walter', 'Leal', 'H', 'UC3M'),('P109', 'Xara', 'Riel', 'M', 'UC3M'),('P110', 'Yanis', 'Vega', 'H', 'UC3M');
INSERT INTO persona (CodP, Nombre, Apellidos, Género, TipoP) VALUES
('P111', 'Bruno', 'Mora', 'H', 'UC3M'),
('P112', 'Clara', 'Vega', 'M', 'UC3M'),
('P113', 'Diana', 'Nash', 'M', 'UC3M'),
('P114', 'Enzo', 'Riel', 'H', 'UC3M'),
('P115', 'Fiona', 'Paz', 'M', 'UC3M'),
('P116', 'Gonzalo', 'Lira', 'H', 'UC3M'),
('P117', 'Helena', 'Soto', 'M', 'UC3M'),
('P118', 'Ivan', 'Reis', 'H', 'UC3M'),
('P119', 'Julia', 'Cano', 'M', 'UC3M'),
('P120', 'Kevin', 'Orte', 'H', 'UC3M'),
('P121', 'Laura', 'Rios', 'M', 'UC3M'),
('P122', 'Mateo', 'Loza', 'H', 'UC3M'),
('P123', 'Nadia', 'Gala', 'M', 'UC3M'),
('P124', 'Omar', 'Vial', 'H', 'UC3M'),
('P125', 'Paula', 'Sanz', 'M', 'UC3M'),
('P126', 'Quim', 'Pina', 'H', 'UC3M'),
('P127', 'Rita', 'Cruz', 'M', 'UC3M'),
('P128', 'Samuel', 'Leal', 'H', 'UC3M'),
('P129', 'Tania', 'Neto', 'M', 'UC3M'),
('P130', 'Ulises', 'Mesa', 'H', 'UC3M'),
('P131', 'Valeria', 'Reid', 'M', 'UC3M'),
('P132', 'Walter', 'Sola', 'H', 'UC3M'),
('P133', 'Ximena', 'Alva', 'M', 'UC3M'),
('P134', 'Yago', 'Luna', 'H', 'UC3M'),
('P135', 'Zoe', 'Toro', 'M', 'UC3M'),
('P136', 'Adela', 'Pons', 'M', 'UC3M'),
('P137', 'Benjamín', 'Rami', 'H', 'UC3M'),
('P138', 'Cecilia', 'Miel', 'M', 'UC3M'),
('P139', 'Diego', 'Cres', 'H', 'UC3M'),
('P140', 'Elisa', 'Nava', 'M', 'UC3M'),
('P141', 'Felipe', 'Vera', 'H', 'UC3M'),
('P142', 'Gloria', 'Orte', 'M', 'UC3M'),
('P143', 'Hugo', 'Lopez', 'H', 'UC3M'),
('P144', 'Irene', 'Alba', 'M', 'UC3M'),
('P145', 'Javier', 'Rued', 'H', 'UC3M'),
('P146', 'Karen', 'Soto', 'M', 'UC3M'),
('P147', 'Leon', 'Diaz', 'H', 'UC3M'),
('P148', 'Mia', 'Feli', 'M', 'UC3M'),
('P149', 'Nicolas', 'Rey', 'H', 'UC3M'),
('P150', 'Olga', 'Mesa', 'M', 'UC3M'),
('P151', 'Pedro', 'Vega', 'H', 'UC3M'),
('P152', 'Raquel', 'Leal', 'M', 'UC3M'),
('P153', 'Sergio', 'Nash', 'H', 'UC3M'),
('P154', 'Tamara', 'Rios', 'M', 'UC3M'),
('P155', 'Ulrich', 'Pina', 'N', 'UC3M'),
('P156', 'Veronica', 'Gala', 'M', 'UC3M'),
('P157', 'William', 'Cruz', 'H', 'UC3M'),
('P158', 'Xenia', 'Loza', 'M', 'UC3M'),
('P159', 'Yahir', 'Riel', 'H', 'UC3M'),
('P160', 'Zara', 'Neto', 'M', 'UC3M');
INSERT INTO persona (CodP, Nombre, Apellidos, Género, TipoP) VALUES
('P161', 'Adán', 'Lima', 'H', 'UC3M'),
('P162', 'Berta', 'Nilo', 'M', 'UC3M'),
('P163', 'Ciro', 'Orte', 'O', 'UC3M'),
('P164', 'Dalia', 'Rosa', 'M', 'UC3M'),
('P165', 'Efraín', 'Soto', 'H', 'UC3M'),
('P166', 'Fiona', 'Miel', 'O', 'UC3M'),
('P167', 'Galo', 'Vial', 'H', 'UC3M'),
('P168', 'Hilda', 'Reid', 'M', 'UC3M'),
('P169', 'Ian', 'Cano', 'H', 'UC3M'),
('P170', 'Jade', 'Paz', 'O', 'UC3M'),
('P171', 'Kevin', 'Loza', 'H', 'UC3M'),
('P172', 'Lina', 'Riel', 'M', 'UC3M'),
('P173', 'Mauro', 'Leal', 'O', 'UC3M'),
('P174', 'Nina', 'Feli', 'M', 'UC3M'),
('P175', 'Oscar', 'Cruz', 'H', 'UC3M'),
('P176', 'Paula', 'Alva', 'O', 'UC3M'),
('P177', 'Quim', 'Mesa', 'H', 'UC3M'),
('P178', 'Rita', 'Neto', 'M', 'UC3M'),
('P179', 'Saúl', 'Vega', 'H', 'UC3M'),
('P180', 'Tina', 'Sanz', 'O', 'UC3M'),
('P181', 'Ulises', 'Lira', 'H', 'UC3M'),
('P182', 'Vera', 'Rami', 'M', 'UC3M'),
('P183', 'Walter', 'Cres', 'O', 'UC3M'),
('P184', 'Ximena', 'Toro', 'M', 'UC3M'),
('P185', 'Yago', 'Nash', 'H', 'UC3M'),
('P186', 'Zara', 'Ríos', 'O', 'UC3M'),
('P187', 'Ane', 'Pons', 'M', 'UC3M'),
('P188', 'Boris', 'Reid', 'H', 'UC3M'),
('P189', 'Celia', 'Vial', 'O', 'UC3M'),
('P190', 'Dino', 'Soto', 'N', 'UC3M'),
('P191', 'Elva', 'Leal', 'M', 'UC3M'),
('P192', 'Faro', 'Miel', 'O', 'UC3M'),
('P193', 'Gina', 'Alba', 'M', 'UC3M'),
('P194', 'Héctor', 'Neto', 'H', 'UC3M'),
('P195', 'Iris', 'Rosa', 'O', 'UC3M'),
('P196', 'Jano', 'Cano', 'H', 'UC3M'),
('P197', 'Kira', 'Loza', 'M', 'UC3M'),
('P198', 'Ludo', 'Feli', 'O', 'UC3M'),
('P199', 'Mira', 'Mesa', 'M', 'UC3M'),
('P200', 'Nico', 'Riel', 'H', 'UC3M');
INSERT INTO persona (CodP, Nombre, Apellidos, Género, TipoP) VALUES
('P201', 'Adela', 'Lima', 'M', 'UC3M'), 
('P202', 'Bruno', 'Nilo', 'H', 'UC3M'),
('P203', 'Celia', 'Orte', 'M', 'UC3M'),
('P204', 'Dario', 'Rosa', 'H', 'UC3M'),
('P205', 'Elena', 'Soto', 'M', 'Otro'),
('P206', 'Félix', 'Miel', 'H', 'Otro'),
('P207', 'Greta', 'Vial', 'M', 'Otro'),
('P208', 'Hugo', 'Reid', 'H', 'Otro'),
('P209', 'Iris', 'Cano', 'M', 'Otro'),
('P210', 'Jano', 'Paz', 'H', 'Otro'),
('P211', 'Kira', 'Loza', 'M', 'Otro'),
('P212', 'Luca', 'Riel', 'H', 'Otro'),
('P213', 'Mina', 'Leal', 'M', 'Otro'),
('P214', 'Nico', 'Feli', 'H', 'Otro'),
('P215', 'Ona', 'Cruz', 'M', 'Otro'),
('P216', 'Pablo', 'Alva', 'H', 'Otro'),
('P217', 'Quim', 'Mesa', 'M', 'Otro'),
('P218', 'Rita', 'Neto', 'O', 'Otro'), 
('P219', 'Saúl', 'Vega', 'H', 'Otro'),
('P220', 'Tina', 'Sanz', 'M', 'Otro'),
('P221', 'Ulises', 'Lira', 'H', 'Otro'),
('P222', 'Vera', 'Rami', 'O', 'Otro'), 
('P223', 'Walter', 'Cres', 'H', 'Otro'),
('P224', 'Ximena', 'Toro', 'M', 'Otro'),
('P225', 'Yago', 'Nash', 'H', 'Otro'),
('P226', 'Zara', 'Ríos', 'M', 'Otro'), 
('P227', 'Ane', 'Pons', 'N', 'Otro'),
('P228', 'Boris', 'Reid', 'H', 'Otro'),
('P229', 'Ciro', 'Vial', 'O', 'Otro'),
('P230', 'Dina', 'Soto', 'O', 'Otro'), 
('P231', 'Eloy', 'Leal', 'H', 'Otro'),
('P232', 'Flora', 'Miel', 'M', 'Otro'),
('P233', 'Gino', 'Alba', 'H', 'Otro'),
('P234', 'Hana', 'Neto', 'M', 'Otro'),
('P235', 'Ian', 'Rosa', 'H', 'Otro'),
('P236', 'Jade', 'Cano', 'O', 'Otro'), 
('P237', 'Kiko', 'Loza', 'H', 'Otro'),
('P238', 'Lara', 'Riel', 'N', 'Otro'),
('P239', 'Mateo', 'Leal', 'H', 'Otro'),
('P240', 'Nora', 'Feli', 'M', 'Otro'),
('P241', 'Omar', 'Cruz', 'H', 'Otro'),
('P242', 'Paula', 'Alva', 'M', 'Otro'), 
('P243', 'Quico', 'Mesa', 'H', 'Otro'),
('P244', 'Rosa', 'Neto', 'M', 'Otro'),
('P245', 'Saul', 'Vega', 'H', 'Otro'),
('P246', 'Tina', 'Sanz', 'M', 'Otro'), 
('P247', 'Ugo', 'Lira', 'H', 'Otro'),
('P248', 'Violeta', 'Rami', 'M', 'Otro'),
('P249', 'Walter', 'Cres', 'H', 'Otro'),
('P250', 'Xara', 'Toro', 'M', 'Otro'); 
INSERT INTO persona (CodP, Nombre, Apellidos, Género, TipoP) VALUES
('P251', 'Alejandro', 'Nilo', 'H', 'Otro'),
('P252', 'Beatriz', 'Lira', 'M', 'Otro'),
('P253', 'Cristina', 'Mesa', 'M', 'Otro'), 
('P254', 'Diego', 'Pons', 'H', 'Otro'),
('P255', 'Emiliano', 'Riel', 'O', 'Otro'),
('P256', 'Federica', 'Soto', 'M', 'Otro'),
('P257', 'Gabriela', 'Cruz', 'M', 'Otro'), 
('P258', 'Hernando', 'Leal', 'H', 'Otro'),
('P259', 'Isabella', 'Feli', 'M', 'Otro'),
('P260', 'Joaquín', 'Nash', 'N', 'Otro'),
('P261', 'Katerina', 'Alba', 'M', 'Otro'), 
('P262', 'Leonardo', 'Rosa', 'H', 'Otro'),
('P263', 'Montserrat', 'Cano', 'M', 'Otro'),
('P264', 'Nicolás', 'Paz', 'H', 'Otro'),
('P265', 'Otilia', 'Loza', 'O', 'Otro'), 
('P266', 'Patricia', 'Vial', 'M', 'Otro'),
('P267', 'Quintino', 'Reid', 'H', 'Otro'),
('P268', 'Renata', 'Miel', 'M', 'Otro'), 
('P269', 'Sebastián', 'Toro', 'H', 'Otro'),
('P270', 'Tatiana', 'Rami', 'M', 'Otro'),
('P271', 'Ulises', 'Cres', 'H', 'Otro'),
('P272', 'Valentina', 'Neto', 'M', 'Otro'), 
('P273', 'Wilfredo', 'Sanz', 'H', 'Otro'),
('P274', 'Ximena', 'Lira', 'M', 'Otro'),
('P275', 'Yolanda', 'Pons', 'O', 'Otro'), 
('P276', 'Zacarías', 'Riel', 'H', 'Otro'),
('P277', 'Amanda', 'Feli', 'M', 'Otro'),
('P278', 'Bruno', 'Leal', 'H', 'Otro'),
('P279', 'Camila', 'Cruz', 'M', 'Otro'), 
('P280', 'Damián', 'Mesa', 'H', 'Otro'),
('P281', 'Estefanía', 'Nash', 'M', 'Otro'),
('P282', 'Fernando', 'Vial', 'H', 'Otro'),
('P283', 'Gabriel', 'Soto', 'O', 'Otro'),
('P284', 'Helena', 'Alba', 'M', 'Otro'), 
('P285', 'Ignacio', 'Toro', 'H', 'Otro'),
('P286', 'Juliana', 'Rami', 'M', 'Otro'),
('P287', 'Kevin', 'Cres', 'H', 'Otro'),
('P288', 'Lorena', 'Neto', 'N', 'Otro'), 
('P289', 'Matías', 'Sanz', 'H', 'Otro'),
('P290', 'Natalia', 'Paz', 'M', 'Otro'),
('P291', 'Octavio', 'Loza', 'H', 'Otro'),
('P292', 'Paola', 'Reid', 'M', 'Otro'), 
('P293', 'Quirino', 'Mesa', 'H', 'Otro'),
('P294', 'Raquel', 'Feli', 'M', 'Otro'),
('P295', 'Santiago', 'Leal', 'H', 'Otro'),
('P296', 'Teresa', 'Vial', 'M', 'Otro'), 
('P297', 'Uliana', 'Soto', 'M', 'Otro'),
('P298', 'Vicente', 'Alba', 'H', 'Otro'),
('P299', 'Wilma', 'Riel', 'M', 'Otro'), 
('P300', 'Xavier', 'Cruz', 'H', 'Otro');
INSERT INTO persona (CodP, Nombre, Apellidos, Género, TipoP) VALUES
('P301', 'Antonio', 'Garc', 'H', 'Otro'),
('P302', 'María', 'Lope', 'M', 'Otro'),
('P303', 'Francisco', 'Rios', 'H', 'Otro'),
('P304', 'Carmen', 'Saez', 'M', 'Otro'),
('P305', 'José', 'Nava', 'H', 'Otro'),
('P306', 'Isabel', 'Mora', 'M', 'Otro'),
('P307', 'Luis', 'Vega', 'H', 'Otro'),
('P308', 'Dolores', 'Lira', 'M', 'Otro'),
('P309', 'Miguel', 'Paz', 'H', 'Otro'),
('P310', 'Teresa', 'Reid', 'M', 'Otro'),
('P311', 'Manuel', 'Cruz', 'H', 'Otro'),
('P312', 'Antonia', 'Mesa', 'M', 'Otro'),
('P313', 'Javier', 'Leal', 'H', 'Otro'),
('P314', 'Rosa', 'Feli', 'M', 'Otro'),
('P315', 'Pedro', 'Neto', 'H', 'Otro'),
('P316', 'Juana', 'Vial', 'M', 'Otro'),
('P317', 'Diego', 'Soto', 'H', 'Otro'),
('P318', 'Lucía', 'Alba', 'M', 'Otro'),
('P319', 'Carlos', 'Toro', 'H', 'Otro'),
('P320', 'Elena', 'Riel', 'M', 'Otro'),
('P321', 'Fernando', 'Pons', 'H', 'Otro'),
('P322', 'Laura', 'Nash', 'M', 'Otro'),
('P323', 'Ramón', 'Loza', 'H', 'Otro'),
('P324', 'Sofía', 'Rosa', 'M', 'Otro'),
('P325', 'Joaquín', 'Mesa', 'H', 'Otro'),
('P326', 'Celia', 'Neto', 'M', 'Otro'),
('P327', 'Vicente', 'Feli', 'H', 'Otro'),
('P328', 'Mercedes', 'Vial', 'M', 'Otro'),
('P329', 'Antonio', 'Cres', 'H', 'Otro'),
('P330', 'Isidora', 'Paz', 'M', 'Otro'),
('P331', 'Alfonso', 'Riel', 'H', 'Otro'),
('P332', 'Inés', 'Lope', 'M', 'Otro'),
('P333', 'Ricardo', 'Soto', 'H', 'Otro'),
('P334', 'Blanca', 'Mora', 'M', 'Otro'),
('P335', 'Enrique', 'Cruz', 'H', 'Otro'),
('P336', 'Marina', 'Nash', 'M', 'Otro'),
('P337', 'Ramona', 'Alba', 'M', 'Otro'), 
('P338', 'Hugo', 'Vega', 'N', 'Otro'),
('P339', 'Nerea', 'Rosa', 'M', 'Otro'),
('P340', 'Óscar', 'Leal', 'H', 'Otro'),
('P341', 'Patricia', 'Feli', 'M', 'Otro'),
('P342', 'Teodoro', 'Mesa', 'H', 'Otro'),
('P343', 'Clara', 'Loza', 'M', 'Otro'),
('P344', 'Alvaro', 'Riel', 'H', 'Otro'),
('P345', 'Julia', 'Pons', 'M', 'Otro'),
('P346', 'Gabriel', 'Neto', 'H', 'Otro'),
('P347', 'Adela', 'Vial', 'M', 'Otro'), 
('P348', 'Leandro', 'Cruz', 'H', 'Otro'),
('P349', 'Marta', 'Soto', 'M', 'Otro'),
('P350', 'Ignacio', 'Alba', 'H', 'Otro');
INSERT INTO persona (CodP, Nombre, Apellidos, Género, TipoP) VALUES
('P351', 'Alonso', 'Mesa', 'H', 'Otro'),
('P352', 'Beatriz', 'Nilo', 'M', 'Otro'),
('P353', 'Cristóbal', 'Loza', 'O', 'Otro'),
('P354', 'Daniela', 'Rosa', 'M', 'Otro'),
('P355', 'Emilio', 'Feli', 'H', 'Otro'),
('P356', 'Francisca', 'Cruz', 'O', 'Otro'),
('P357', 'Gabriel', 'Paz', 'H', 'Otro'),
('P358', 'Helena', 'Toro', 'M', 'Otro'),
('P359', 'Ignacio', 'Soto', 'O', 'Otro'),
('P360', 'Jacinta', 'Nash', 'M', 'Otro'),
('P361', 'Leonor', 'Riel', 'M', 'Otro'), 
('P362', 'Manuel', 'Alba', 'H', 'Otro'),
('P363', 'Natalia', 'Lira', 'M', 'Otro'),
('P364', 'Óscar', 'Miel', 'O', 'Otro'),
('P365', 'Paula', 'Vial', 'M', 'Otro'), 
('P366', 'Quintina', 'Lope', 'M', 'Otro'),
('P367', 'Ramiro', 'Leal', 'H', 'Otro'),
('P368', 'Salvador', 'Cres', 'O', 'Otro'),
('P369', 'Teresa', 'Reid', 'M', 'Otro'), 
('P370', 'Urbano', 'Neto', 'H', 'Otro'),
('P371', 'Vicenta', 'Pons', 'M', 'Otro'),
('P372', 'Wilfredo', 'Rosa', 'O', 'Otro'),
('P373', 'Ximena', 'Cruz', 'M', 'Otro'),
('P374', 'Yolanda', 'Feli', 'M', 'Otro'), 
('P375', 'Zacarías', 'Mesa', 'H', 'Otro'),
('P376', 'Adela', 'Loza', 'O', 'Otro'),
('P377', 'Baldomero', 'Riel', 'H', 'Otro'),
('P378', 'Claudia', 'Vial', 'M', 'Otro'), 
('P379', 'Damián', 'Alba', 'O', 'Otro'),
('P380', 'Esteban', 'Lira', 'H', 'Otro'),
('P381', 'Felisa', 'Nash', 'M', 'Otro'),
('P382', 'Gustavo', 'Paz', 'H', 'Otro'),
('P383', 'Herminia', 'Cres', 'M', 'Otro'), 
('P384', 'Isidoro', 'Toro', 'O', 'Otro'),
('P385', 'Juana', 'Lope', 'M', 'Otro'),
('P386', 'Leandro', 'Riel', 'H', 'Otro'),
('P387', 'Mariano', 'Feli', 'O', 'Otro'),
('P388', 'Noelia', 'Cruz', 'M', 'Otro'), 
('P389', 'Óliver', 'Mesa', 'H', 'Otro'),
('P390', 'Prudencia', 'Neto', 'M', 'Otro'),
('P391', 'Ramona', 'Vial', 'O', 'Otro'),
('P392', 'Santiago', 'Alba', 'H', 'Otro'),
('P393', 'Teodoro', 'Rosa', 'O', 'Otro'),
('P394', 'Ursulina', 'Lira', 'M', 'Otro'), 
('P395', 'Valentín', 'Pons', 'H', 'Otro'),
('P396', 'Wenceslao', 'Loza', 'O', 'Otro'),
('P397', 'Xavier', 'Feli', 'H', 'Otro'),
('P398', 'Yolanda', 'Cres', 'M', 'Otro'), 
('P399', 'Zulema', 'Riel', 'O', 'Otro'),
('P400', 'Antonio', 'Vial', 'H', 'Otro');


-- TABLA INTERNO

 INSERT INTO interno (CodP, NRP, CategoriaP) VALUE
('P001', 'NRP_001', 'CU'),
('P003', 'NRP_003', 'AD'),
('P004', 'NRP_004', 'Otro'),
('P006', 'NRP_006', 'TU'),
('P009', 'NRP_009', 'CU');

INSERT INTO interno (CodP, NRP, CategoriaP) VALUES
('P010', 'NRP_010', 'TU'),
('P011', 'NRP_011', 'AD'),
('P012', 'NRP_012', 'Otro'),
('P013', 'NRP_013', 'CU'),
('P014', 'NRP_014', 'TU'),
('P015', 'NRP_015', 'AD'),
('P016', 'NRP_016', 'Otro'),
('P017', 'NRP_017', 'CU'),
('P018', 'NRP_018', 'TU'),
('P019', 'NRP_019', 'AD'),
('P020', 'NRP_020', 'Otro'),
('P021', 'NRP_021', 'CU'),
('P022', 'NRP_022', 'TU'),
('P023', 'NRP_023', 'AD'),
('P024', 'NRP_024', 'Otro'),
('P025', 'NRP_025', 'CU'),
('P026', 'NRP_026', 'TU'),
('P027', 'NRP_027', 'AD'),
('P028', 'NRP_028', 'Otro'),
('P029', 'NRP_029', 'CU'),
('P030', 'NRP_030', 'TU'),
('P031', 'NRP_031', 'AD'),
('P032', 'NRP_032', 'Otro'),
('P033', 'NRP_033', 'CU'),
('P034', 'NRP_034', 'TU'),
('P035', 'NRP_035', 'AD'),
('P036', 'NRP_036', 'Otro'),
('P037', 'NRP_037', 'CU'),
('P038', 'NRP_038', 'TU'),
('P039', 'NRP_039', 'AD'),
('P040', 'NRP_040', 'Otro'),
('P041', 'NRP_041', 'CU'),
('P042', 'NRP_042', 'TU'),
('P043', 'NRP_043', 'AD'),
('P044', 'NRP_044', 'Otro'),
('P045', 'NRP_045', 'CU'),
('P046', 'NRP_046', 'TU'),
('P047', 'NRP_047', 'AD'),
('P048', 'NRP_048', 'Otro'),
('P049', 'NRP_049', 'CU'),
('P050', 'NRP_050', 'TU'),
('P051', 'NRP_051', 'AD'),
('P052', 'NRP_052', 'Otro'),
('P053', 'NRP_053', 'CU'),
('P054', 'NRP_054', 'TU'),
('P055', 'NRP_055', 'AD'),
('P056', 'NRP_056', 'Otro'),
('P057', 'NRP_057', 'CU'),
('P058', 'NRP_058', 'TU'),
('P059', 'NRP_059', 'AD'),
('P060', 'NRP_060', 'Otro'),
('P061', 'NRP_061', 'CU'),
('P062', 'NRP_062', 'TU'),
('P063', 'NRP_063', 'AD'),
('P064', 'NRP_064', 'Otro'),
('P065', 'NRP_065', 'CU'),
('P066', 'NRP_066', 'TU'),
('P067', 'NRP_067', 'AD'),
('P068', 'NRP_068', 'Otro'),
('P069', 'NRP_069', 'CU'),
('P070', 'NRP_070', 'TU'),
('P071', 'NRP_071', 'AD'),
('P072', 'NRP_072', 'Otro'),
('P073', 'NRP_073', 'CU'),
('P074', 'NRP_074', 'TU'),
('P075', 'NRP_075', 'AD'),
('P076', 'NRP_076', 'Otro'),
('P077', 'NRP_077', 'CU'),
('P078', 'NRP_078', 'TU'),
('P079', 'NRP_079', 'AD'),
('P080', 'NRP_080', 'Otro'),
('P081', 'NRP_081', 'CU'),
('P082', 'NRP_082', 'TU'),
('P083', 'NRP_083', 'AD'),
('P084', 'NRP_084', 'Otro'),
('P085', 'NRP_085', 'CU'),
('P086', 'NRP_086', 'TU'),
('P087', 'NRP_087', 'AD'),
('P088', 'NRP_088', 'Otro'),
('P089', 'NRP_089', 'CU'),
('P090', 'NRP_090', 'TU'),
('P091', 'NRP_091', 'AD'),
('P092', 'NRP_092', 'Otro'),
('P093', 'NRP_093', 'CU'),
('P094', 'NRP_094', 'TU'),
('P095', 'NRP_095', 'AD'),
('P096', 'NRP_096', 'Otro'),
('P097', 'NRP_097', 'CU'),
('P098', 'NRP_098', 'TU'),
('P099', 'NRP_099', 'AD'),
('P100', 'NRP_100', 'Otro'),
('P101', 'NRP_101', 'CU'),
('P102', 'NRP_102', 'TU'),
('P103', 'NRP_103', 'AD'),
('P104', 'NRP_104', 'Otro'),
('P105', 'NRP_105', 'CU'),
('P106', 'NRP_106', 'TU'),
('P107', 'NRP_107', 'AD'),
('P108', 'NRP_108', 'Otro'),
('P109', 'NRP_109', 'CU'),
('P110', 'NRP_110', 'TU'),
('P111', 'NRP_111', 'AD'),
('P112', 'NRP_112', 'Otro'),
('P113', 'NRP_113', 'CU'),
('P114', 'NRP_114', 'TU'),
('P115', 'NRP_115', 'AD'),
('P116', 'NRP_116', 'Otro'),
('P117', 'NRP_117', 'CU'),
('P118', 'NRP_118', 'TU'),
('P119', 'NRP_119', 'AD'),
('P120', 'NRP_120', 'Otro'),
('P121', 'NRP_121', 'CU'),
('P122', 'NRP_122', 'TU'),
('P123', 'NRP_123', 'AD'),
('P124', 'NRP_124', 'Otro'),
('P125', 'NRP_125', 'CU'),
('P126', 'NRP_126', 'TU'),
('P127', 'NRP_127', 'AD'),
('P128', 'NRP_128', 'Otro'),
('P129', 'NRP_129', 'CU'),
('P130', 'NRP_130', 'TU'),
('P131', 'NRP_131', 'AD'),
('P132', 'NRP_132', 'Otro'),
('P133', 'NRP_133', 'CU'),
('P134', 'NRP_134', 'TU'),
('P135', 'NRP_135', 'AD'),
('P136', 'NRP_136', 'Otro'),
('P137', 'NRP_137', 'CU'),
('P138', 'NRP_138', 'TU'),
('P139', 'NRP_139', 'AD'),
('P140', 'NRP_140', 'Otro'),
('P141', 'NRP_141', 'CU'),
('P142', 'NRP_142', 'TU'),
('P143', 'NRP_143', 'AD'),
('P144', 'NRP_144', 'Otro'),
('P145', 'NRP_145', 'CU'),
('P146', 'NRP_146', 'TU'),
('P147', 'NRP_147', 'AD'),
('P148', 'NRP_148', 'Otro'),
('P149', 'NRP_149', 'CU'),
('P150', 'NRP_150', 'TU'),
('P151', 'NRP_151', 'AD'),
('P152', 'NRP_152', 'Otro'),
('P153', 'NRP_153', 'CU'),
('P154', 'NRP_154', 'TU'),
('P155', 'NRP_155', 'AD'),
('P156', 'NRP_156', 'Otro'),
('P157', 'NRP_157', 'CU'),
('P158', 'NRP_158', 'TU'),
('P159', 'NRP_159', 'AD'),
('P160', 'NRP_160', 'Otro'),
('P161', 'NRP_161', 'CU'),
('P162', 'NRP_162', 'TU'),
('P163', 'NRP_163', 'AD'),
('P164', 'NRP_164', 'Otro'),
('P165', 'NRP_165', 'CU'),
('P166', 'NRP_166', 'TU'),
('P167', 'NRP_167', 'AD'),
('P168', 'NRP_168', 'Otro'),
('P169', 'NRP_169', 'CU'),
('P170', 'NRP_170', 'TU'),
('P171', 'NRP_171', 'AD'),
('P172', 'NRP_172', 'Otro'),
('P173', 'NRP_173', 'CU'),
('P174', 'NRP_174', 'TU'),
('P175', 'NRP_175', 'AD'),
('P176', 'NRP_176', 'Otro'),
('P177', 'NRP_177', 'CU'),
('P178', 'NRP_178', 'TU'),
('P179', 'NRP_179', 'AD'),
('P180', 'NRP_180', 'Otro'),
('P181', 'NRP_181', 'CU'),
('P182', 'NRP_182', 'TU'),
('P183', 'NRP_183', 'AD'),
('P184', 'NRP_184', 'Otro'),
('P185', 'NRP_185', 'CU'),
('P186', 'NRP_186', 'TU'),
('P187', 'NRP_187', 'AD'),
('P188', 'NRP_188', 'Otro'),
('P189', 'NRP_189', 'CU'),
('P190', 'NRP_190', 'TU'),
('P191', 'NRP_191', 'AD'),
('P192', 'NRP_192', 'Otro'),
('P193', 'NRP_193', 'CU'),
('P194', 'NRP_194', 'TU'),
('P195', 'NRP_195', 'AD'),
('P196', 'NRP_196', 'Otro'),
('P197', 'NRP_197', 'CU'),
('P198', 'NRP_198', 'TU'),
('P199', 'NRP_199', 'AD'),
('P200', 'NRP_200', 'Otro'),
('P201', 'NRP_002', 'TU'),
('P202', 'NRP_005', 'CU'),
('P203', 'NRP_007', 'AD'),
('P204', 'NRP_008', 'Otro');

-- TABLA EXTERNO

 INSERT INTO externo (CodP, Procedencia, NombreE)
VALUES
('P205', 'Universidad', 'Facultad de Derecho - UAB'),
('P206', 'Centro investigación', 'Centro de Estudios Ambientales'),
('P207', 'Empresa', 'Innovación 360'),
('P208', 'Otro', 'Asociación Cultural Alfa'),
('P209', 'Universidad', 'Escuela Superior de Ingenieros'),
('P210', 'Empresa', 'Data Analytics Co.'),
('P211', 'Centro investigación', 'Laboratorio de Nanotecnología'),
('P212', 'Universidad', 'Departamento de Física Aplicada'),
('P213', 'Otro', 'Autónomo - M. Pérez'),
('P214', 'Empresa', 'Future Systems Ltd.'),
('P215', 'Centro investigación', 'C.I. de Biotecnología'),
('P216', 'Universidad', 'Campus de Salud - ULPGC'),
('P217', 'Empresa', 'Smart Home Devices'),
('P218', 'Otro', 'ONG Solidaridad Activa'),
('P219', 'Centro investigación', 'I. de Medicina Experimental'),
('P220', 'Empresa', 'Industrial Tools S.L.'),
('P221', 'Universidad', 'Departamento de Economía'),
('P222', 'Centro investigación', 'Observatorio Geofísico'),
('P223', 'Empresa', 'Marketing Digital Pro'),
('P224', 'Otro', 'Fundación para el Deporte'),
('P225', 'Universidad', 'Facultad de Periodismo'),
('P226', 'Empresa', 'Security Systems Inc.'),
('P227', 'Centro investigación', 'Unidad de Genética'),
('P228', 'Universidad', 'Escuela Politécnica'),
('P229', 'Empresa', 'Energy & Power Solutions'),
('P230', 'Otro', 'Agencia de Viajes Sol'),
('P231', 'Centro investigación', 'Instituto de Historia Antigua'),
('P232', 'Empresa', 'Construction Master'),
('P233', 'Universidad', 'Departamento de Bellas Artes'),
('P234', 'Centro investigación', 'Laboratorio de Materiales'),
('P235', 'Empresa', 'Finanzas Rápidas'),
('P236', 'Otro', 'Desarrollador Web Freelance'),
('P237', 'Universidad', 'Campus Tecnológico Sur'),
('P238', 'Empresa', 'Retail Chain Store'),
('P239', 'Centro investigación', 'Investigación en Ciberseguridad'),
('P240', 'Universidad', 'Departamento de Matemáticas'),
('P241', 'Empresa', 'Automotive Parts Ltd.'),
('P242', 'Otro', 'Consultor en Calidad'),
('P243', 'Centro investigación', 'Instituto de Oceanografía'),
('P244', 'Universidad', 'Facultad de Geografía'),
('P245', 'Empresa', 'Media Production Studios'),
('P246', 'Centro investigación', 'Unidad de Toxicología'),
('P247', 'Universidad', 'Escuela de Arquitectura'),
('P248', 'Empresa', 'Telecomunicaciones Modernas'),
('P249', 'Otro', 'Despacho de Abogados'),
('P250', 'Centro investigación', 'I. de Estudios Urbanos'),
('P251', 'Empresa', 'Software & Design'),
('P252', 'Universidad', 'Departamento de Lenguas'),
('P253', 'Centro investigación', 'Laboratorio de Sismología'),
('P254', 'Empresa', 'Gastronomía Gourmet'),
('P255', 'Otro', 'Academia de Formación'),
('P256', 'Universidad', 'Campus de Humanidades'),
('P257', 'Empresa', 'Servicios Cloud Computing'),
('P258', 'Centro investigación', 'Unidad de Investigación Agrícola'),
('P259', 'Universidad', 'Departamento de Biología'),
('P260', 'Empresa', 'Electrodomésticos Delta'),
('P261', 'Otro', 'Centro de Rehabilitación'),
('P262', 'Centro investigación', 'Instituto de Energía Eólica'),
('P263', 'Universidad', 'Facultad de Farmacia'),
('P264', 'Empresa', 'Transportes Globales'),
('P265', 'Centro investigación', 'Laboratorio de Climatología'),
('P266', 'Universidad', 'Escuela de Turismo'),
('P267', 'Empresa', 'Servicios de Limpieza Rápida'),
('P268', 'Otro', 'Club Deportivo Municipal'),
('P269', 'Centro investigación', 'I. de Investigación Social'),
('P270', 'Universidad', 'Departamento de Filosofía'),
('P271', 'Empresa', 'Materiales Compuestos S.A.'),
('P272', 'Centro investigación', 'Unidad de Química Analítica'),
('P273', 'Universidad', 'Campus de Ciencias Marinas'),
('P274', 'Empresa', 'Consultoría Financiera'),
('P275', 'Otro', 'Gestoría Administrativa'),
('P276', 'Centro investigación', 'Laboratorio de Robótica'),
('P277', 'Universidad', 'Departamento de Historia del Arte'),
('P278', 'Empresa', 'Productos Químicos Alpha'),
('P279', 'Centro investigación', 'Instituto de Patología'),
('P280', 'Universidad', 'Facultad de Veterinaria'),
('P281', 'Empresa', 'Distribución de Alimentos'),
('P282', 'Otro', 'Plataforma E-learning'),
('P283', 'Centro investigación', 'C.I. de Telecomunicaciones'),
('P284', 'Universidad', 'Escuela de Minas'),
('P285', 'Empresa', 'Publicidad Creativa'),
('P286', 'Centro investigación', 'Unidad de Ecología'),
('P287', 'Universidad', 'Departamento de Ingeniería Civil'),
('P288', 'Empresa', 'Seguros para Empresas'),
('P289', 'Otro', 'Artista Plástico Independiente'),
('P290', 'Centro investigación', 'Instituto de Bioquímica'),
('P291', 'Universidad', 'Facultad de Psicología'),
('P292', 'Empresa', 'Fábrica de Juguetes'),
('P293', 'Centro investigación', 'Laboratorio de Detección Remota'),
('P294', 'Universidad', 'Departamento de Geología'),
('P295', 'Empresa', 'Gestión de Residuos'),
('P296', 'Otro', 'Comunidad de Vecinos Centro'),
('P297', 'Centro investigación', 'I. de Nanomateriales'),
('P298', 'Universidad', 'Campus de Ingeniería Industrial'),
('P299', 'Empresa', 'E-commerce Moda'),
('P300', 'Centro investigación', 'Unidad de Alimentos Funcionales'),
('P301', 'Universidad', 'Departamento de Estadística'),
('P302', 'Empresa', 'Servicios de Catering'),
('P303', 'Otro', 'Cine Club Independiente'),
('P304', 'Centro investigación', 'Laboratorio de Biomecánica'),
('P305', 'Universidad', 'Facultad de Ciencias Políticas'),
('P306', 'Empresa', 'Herramientas Eléctricas'),
('P307', 'Centro investigación', 'Instituto de Energía Nuclear'),
('P308', 'Universidad', 'Escuela de Ingeniería de Caminos'),
('P309', 'Empresa', 'Banca Online Segura'),
('P310', 'Otro', 'Taller de Reparación de Coches'),
('P311', 'Centro investigación', 'C.I. de Investigación Marina'),
('P312', 'Universidad', 'Departamento de Sociología'),
('P313', 'Empresa', 'Farmacéutica Innovadora'),
('P314', 'Centro investigación', 'Unidad de Procesamiento de Señales'),
('P315', 'Universidad', 'Campus de Fisioterapia'),
('P316', 'Empresa', 'Decoración del Hogar'),
('P317', 'Otro', 'Cooperativa Agrícola'),
('P318', 'Centro investigación', 'Laboratorio de Óptica'),
('P319', 'Universidad', 'Departamento de Publicidad'),
('P320', 'Empresa', 'Desarrollo de Apps Móviles'),
('P321', 'Centro investigación', 'Instituto de Criminología'),
('P322', 'Universidad', 'Facultad de Enfermería'),
('P323', 'Empresa', 'Productos Ecológicos'),
('P324', 'Otro', 'Consultor SEO/SEM'),
('P325', 'Centro investigación', 'Unidad de Hidráulica'),
('P326', 'Universidad', 'Escuela de Diseño'),
('P327', 'Empresa', 'Vigilancia y Seguridad'),
('P328', 'Centro investigación', 'Laboratorio de Fluidos'),
('P329', 'Universidad', 'Departamento de Humanidades Digitales'),
('P330', 'Empresa', 'Gestión Documental'),
('P331', 'Otro', 'Centro de Yoga y Pilates'),
('P332', 'Centro investigación', 'I. de Tecnologías de la Información'),
('P333', 'Universidad', 'Campus de Nutrición'),
('P334', 'Empresa', 'Maquinaria Pesada'),
('P335', 'Centro investigación', 'Unidad de Patología Vegetal'),
('P336', 'Universidad', 'Departamento de Filología'),
('P337', 'Empresa', 'Software de Contabilidad'),
('P338', 'Otro', 'Empresa de Jardinería'),
('P339', 'Centro investigación', 'Laboratorio de Acústica'),
('P340', 'Universidad', 'Facultad de Biblioteconomía'),
('P341', 'Empresa', 'Equipos Médicos'),
('P342', 'Centro investigación', 'Instituto de Medicina Legal'),
('P343', 'Universidad', 'Escuela Superior de Música'),
('P344', 'Empresa', 'Consultoría Estratégica'),
('P345', 'Otro', 'Asociación de Vecinos del Norte'),
('P346', 'Centro investigación', 'C.I. de Robótica Industrial'),
('P347', 'Universidad', 'Departamento de Antropología'),
('P348', 'Empresa', 'Agencia Inmobiliaria Premium'),
('P349', 'Centro investigación', 'Unidad de Electrónica'),
('P350', 'Universidad', 'Campus de Ciencias de la Comunicación'),
('P351', 'Empresa', 'Soluciones de Impresión'),
('P352', 'Otro', 'Fotógrafo Profesional'),
('P353', 'Centro investigación', 'Laboratorio de Química Orgánica'),
('P354', 'Universidad', 'Departamento de Ciberseguridad'),
('P355', 'Empresa', 'Distribución Farmacéutica'),
('P356', 'Centro investigación', 'Instituto de Virología'),
('P357', 'Universidad', 'Facultad de Óptica y Optometría'),
('P358', 'Empresa', 'Servicios de Mensajería'),
('P359', 'Otro', 'Empresa de Traducciones'),
('P360', 'Centro investigación', 'Unidad de Arqueología'),
('P361', 'Universidad', 'Escuela de Ingeniería de Software'),
('P362', 'Empresa', 'Iluminación LED'),
('P363', 'Centro investigación', 'Laboratorio de Terapia Génica'),
('P364', 'Universidad', 'Departamento de Historia Contemporánea'),
('P365', 'Empresa', 'Alquiler de Coches'),
('P366', 'Otro', 'Gimnasio Wellness'),
('P367', 'Centro investigación', 'I. de Economía Sostenible'),
('P368', 'Universidad', 'Campus de Logopedia'),
('P369', 'Empresa', 'Venta de Neumáticos'),
('P370', 'Centro investigación', 'Unidad de Sistemas de Información'),
('P371', 'Universidad', 'Departamento de Deporte'),
('P372', 'Empresa', 'Compañía de Teatro'),
('P373', 'Otro', 'Empresa de catering local'),
('P374', 'Centro investigación', 'Laboratorio de Geofísica'),
('P375', 'Universidad', 'Facultad de Marketing'),
('P376', 'Empresa', 'Sistemas de Calefacción'),
('P377', 'Centro investigación', 'Instituto de Telecomunicaciones Cuánticas'),
('P378', 'Universidad', 'Escuela de Edificación'),
('P379', 'Empresa', 'Producción Audiovisual'),
('P380', 'Otro', 'Consultor de RR.HH.'),
('P381', 'Centro investigación', 'C.I. de Biología Marina'),
('P382', 'Universidad', 'Departamento de Ingeniería Eléctrica'),
('P383', 'Empresa', 'Artículos de Oficina'),
('P384', 'Centro investigación', 'Unidad de Modelado Matemático'),
('P385', 'Universidad', 'Campus de Ciencias de Datos'),
('P386', 'Empresa', 'Desarrollo Inmobiliario'),
('P387', 'Otro', 'Peluquería Canina'),
('P388', 'Centro investigación', 'Laboratorio de Microbiología'),
('P389', 'Universidad', 'Departamento de Nutrición Humana'),
('P390', 'Empresa', 'Servicios de Outsourcing'),
('P391', 'Centro investigación', 'Instituto de Estudios de Género'),
('P392', 'Universidad', 'Facultad de Trabajo Social'),
('P393', 'Empresa', 'Productos de Limpieza Industrial'),
('P394', 'Otro', 'Organizador de Eventos'),
('P395', 'Centro investigación', 'Unidad de Química Inorgánica'),
('P396', 'Universidad', 'Escuela de Conservación y Restauración'),
('P397', 'Empresa', 'Venta y Reparación de Móviles'),
('P398', 'Centro investigación', 'Laboratorio de Biotecnología Vegetal'),
('P399', 'Universidad', 'Departamento de Diseño Gráfico'),
('P400', 'Empresa', 'Tech Solutions Group'),
('P002', 'Universidad', 'Departamento de Química - UCM'),
('P005', 'Centro investigación', 'Instituto Nacional de Astrofísica'),
('P007', 'Otro', 'Consultoría IT - R. López'),
('P008', 'Empresa', 'Global Logistics S.A.');

-- TABLA TIPO EVENTO

INSERT INTO tipo_evento (CodT, NombreT) VALUES (1, 'seminario'),
 (2, 'workshop'),
 (3, 'congreso'),
 (4, 'curso'),
 (5, 'deporte');



-- TABLA CENTRO

INSERT INTO centro (CodC, Nombre_Centro, Campus) VALUES (1, 'Facultad de Ciencias Sociales y Jurídicas', 'Getafe'),
(2, 'Escuela Politécnica Superior', 'Leganés'),
(3, 'Facultad de Humanidades, Comunicación y Documentación', 'Getafe'),
(4, 'Facultad de Ciencias de la Salud', 'Getafe'),
(5, 'Centro de Postgrado de Getafe', 'Getafe'),
(7, 'Centro de Postgrado de Leganés', 'Leganés'),
(8, 'Centro de Postgrado de Puerta de Toledo', 'PT'),
(9, 'Escuela de Doctorado', 'Getafe'),
(10, 'Escuela Internacional Carlos III', 'Getafe'),
(11, 'Centro Deportivo Universidad Carlos III de Madrid', 'Getafe'),
(12, 'Centro Deportivo Alfredo di Stéfano', 'Leganés'),
(13, 'Instalaciones Deportivas Campus de Colmenarejo', 'Colmenarejo');

-- TABLA DEPARTAMENTO
INSERT INTO departamento (Cod_Dpto, Nombre) Values (1, 'Biblioteconomía y Documentación'),
(2, 'Bioingeniería'),
(3, 'Ciencia e Ingeniería de Materiales e Ingeniería Química'),
(4, 'Ciencias Sociales'),
(5, 'Comunicación'),
(6, 'Derecho Internacional Público, Eclesiástico y Filosofía del Derecho'),
(7, 'Derecho Penal, Procesal e Historia del Derecho'),
(8, 'Derecho Privado'),
(9, 'Derecho Público del Estado'),
(10, 'Derecho Social e Internacional Privado'),
(11, 'Economía'),
(12, 'Economía de la Empresa'),
(13, 'Estadística'),
(14, 'Física'),
(15, 'Humanidades: Filosofía, Lenguaje y Literatura'),
(16, 'Humanidades: Historia, Geografía y Arte'),
(17, 'Informática'),
(18, 'Ingeniería Aeroespacial'),
(19, 'Ingeniería de Sistemas y Automática'),
(20, 'Ingeniería Eléctrica'),
(21, 'Ingeniería Mecánica'),
(22, 'Ingeniería Telemática'),
(23, 'Ingeniería Térmica y de Fluidos'),
(24, 'Matemáticas'),
(25, 'Mecánica de Medios Continuos y Teoría de Estructuras'),
(26, 'Neurociencia y Ciencias Biomédicas'),
(27, 'Tecnología Electrónica'),
(28, 'Teoría de la Señal y Comunicaciones');

-- TABLA ADSCRITO

INSERT INTO adscrito  (Investigador, Departamento, Fecha_I) VALUE ('P006', '2', '2018-10-19');
INSERT INTO adscrito (Investigador, Departamento, Fecha_I) VALUES
('P001', '1', '2023-09-21'),
('P003', '3', '2019-10-21'),
('P004', '10', '2016-02-19'),
('P009', '9', '2009-09-09'),
('P010', '1', '2022-02-14'),
('P011', '3', '2018-01-08'),
('P012', '5', '2018-07-27'),
('P013', '8', '2018-02-17'),
('P014', '11', '2017-07-18'),
('P015', '15', '2018-06-24'),
('P016', '18', '2022-02-14'),
('P017', '20', '2018-01-08'),
('P018', '24', '2018-07-27'),
('P019', '28', '2018-02-17'),
('P020', '1', '2017-07-18'),
('P021', '3', '2018-06-24'),
('P022', '5', '2022-02-14'),
('P023', '8', '2018-01-08'),
('P024', '11', '2018-07-27'),
('P025', '15', '2018-02-17'),
('P026', '18', '2017-07-18'),
('P027', '20', '2018-06-24'),
('P028', '24', '2022-02-14'),
('P029', '28', '2018-01-08'),
('P030', '1', '2018-07-27'),
('P031', '3', '2018-02-17'),
('P032', '5', '2017-07-18'),
('P033', '8', '2018-06-24'),
('P034', '11', '2022-02-14'),
('P035', '15', '2018-01-08'),
('P036', '18', '2018-07-27'),
('P037', '20', '2018-02-17'),
('P038', '24', '2017-07-18'),
('P039', '28', '2018-06-24'),
('P040', '1', '2022-02-14'),
('P041', '3', '2018-01-08'),
('P042', '5', '2018-07-27'),
('P043', '8', '2018-02-17'),
('P044', '11', '2017-07-18'),
('P045', '15', '2018-06-24'),
('P046', '18', '2022-02-14'),
('P047', '20', '2018-01-08'),
('P048', '24', '2018-07-27'),
('P049', '28', '2018-02-17'),
('P050', '1', '2017-07-18'),
('P051', '3', '2018-06-24'),
('P052', '5', '2022-02-14'),
('P053', '8', '2018-01-08'),
('P054', '11', '2018-07-27'),
('P055', '15', '2018-02-17'),
('P056', '18', '2017-07-18'),
('P057', '20', '2018-06-24'),
('P058', '24', '2022-02-14'),
('P059', '28', '2018-01-08'),
('P060', '1', '2018-07-27'),
('P061', '3', '2018-02-17'),
('P062', '5', '2017-07-18'),
('P063', '8', '2018-06-24'),
('P064', '11', '2022-02-14'),
('P065', '15', '2018-01-08'),
('P066', '18', '2018-07-27'),
('P067', '20', '2018-02-17'),
('P068', '24', '2017-07-18'),
('P069', '28', '2018-06-24'),
('P070', '1', '2022-02-14'),
('P071', '3', '2018-01-08'),
('P072', '5', '2018-07-27'),
('P073', '8', '2018-02-17'),
('P074', '11', '2017-07-18'),
('P075', '15', '2018-06-24'),
('P076', '18', '2022-02-14'),
('P077', '20', '2018-01-08'),
('P078', '24', '2018-07-27'),
('P079', '28', '2018-02-17'),
('P080', '1', '2017-07-18'),
('P081', '3', '2018-06-24'),
('P082', '5', '2022-02-14'),
('P083', '8', '2018-01-08'),
('P084', '11', '2018-07-27'),
('P085', '15', '2018-02-17'),
('P086', '18', '2017-07-18'),
('P087', '20', '2018-06-24'),
('P088', '24', '2022-02-14'),
('P089', '28', '2018-01-08'),
('P090', '1', '2018-07-27'),
('P091', '3', '2018-02-17'),
('P092', '5', '2017-07-18'),
('P093', '8', '2018-06-24'),
('P094', '11', '2022-02-14'),
('P095', '15', '2018-01-08'),
('P096', '18', '2018-07-27'),
('P097', '20', '2018-02-17'),
('P098', '24', '2017-07-18'),
('P099', '28', '2018-06-24'),
('P100', '1', '2022-02-14'),
('P101', '3', '2018-01-08'),
('P102', '5', '2018-07-27'),
('P103', '8', '2018-02-17'),
('P104', '11', '2017-07-18'),
('P105', '15', '2018-06-24'),
('P106', '18', '2022-02-14'),
('P107', '20', '2018-01-08'),
('P108', '24', '2018-07-27'),
('P109', '28', '2018-02-17'),
('P110', '1', '2017-07-18'),
('P111', '3', '2018-06-24'),
('P112', '5', '2022-02-14'),
('P113', '8', '2018-01-08'),
('P114', '11', '2018-07-27'),
('P115', '15', '2018-02-17'),
('P116', '18', '2017-07-18'),
('P117', '20', '2018-06-24'),
('P118', '24', '2022-02-14'),
('P119', '28', '2018-01-08'),
('P120', '1', '2018-07-27'),
('P121', '3', '2018-02-17'),
('P122', '5', '2017-07-18'),
('P123', '8', '2018-06-24'),
('P124', '11', '2022-02-14'),
('P125', '15', '2018-01-08'),
('P126', '18', '2018-07-27'),
('P127', '20', '2018-02-17'),
('P128', '24', '2017-07-18'),
('P129', '28', '2018-06-24'),
('P130', '1', '2022-02-14'),
('P131', '3', '2018-01-08'),
('P132', '5', '2018-07-27'),
('P133', '8', '2018-02-17'),
('P134', '11', '2017-07-18'),
('P135', '15', '2018-06-24'),
('P136', '18', '2022-02-14'),
('P137', '20', '2018-01-08'),
('P138', '24', '2018-07-27'),
('P139', '28', '2018-02-17'),
('P140', '1', '2017-07-18'),
('P141', '3', '2018-06-24'),
('P142', '5', '2022-02-14'),
('P143', '8', '2018-01-08'),
('P144', '11', '2018-07-27'),
('P145', '15', '2018-02-17'),
('P146', '18', '2017-07-18'),
('P147', '20', '2018-06-24'),
('P148', '24', '2022-02-14'),
('P149', '28', '2018-01-08'),
('P150', '1', '2018-07-27'),
('P151', '3', '2018-02-17'),
('P152', '5', '2017-07-18'),
('P153', '8', '2018-06-24'),
('P154', '11', '2022-02-14'),
('P155', '15', '2018-01-08'),
('P156', '18', '2018-07-27'),
('P157', '20', '2018-02-17'),
('P158', '24', '2017-07-18'),
('P159', '28', '2018-06-24'),
('P160', '1', '2022-02-14'),
('P161', '3', '2018-01-08'),
('P162', '5', '2018-07-27'),
('P163', '8', '2018-02-17'),
('P164', '11', '2017-07-18'),
('P165', '15', '2018-06-24'),
('P166', '18', '2022-02-14'),
('P167', '20', '2018-01-08'),
('P168', '24', '2018-07-27'),
('P169', '28', '2018-02-17'),
('P170', '1', '2017-07-18'),
('P171', '3', '2018-06-24'),
('P172', '5', '2022-02-14'),
('P173', '8', '2018-01-08'),
('P174', '11', '2018-07-27'),
('P175', '15', '2018-02-17'),
('P176', '18', '2017-07-18'),
('P177', '20', '2018-06-24'),
('P178', '24', '2022-02-14'),
('P179', '28', '2018-01-08'),
('P180', '1', '2018-07-27'),
('P181', '3', '2018-02-17'),
('P182', '5', '2017-07-18'),
('P183', '8', '2018-06-24'),
('P184', '11', '2022-02-14'),
('P185', '15', '2018-01-08'),
('P186', '18', '2018-07-27'),
('P187', '20', '2018-02-17'),
('P188', '24', '2017-07-18'),
('P189', '28', '2018-06-24'),
('P190', '1', '2022-02-14'),
('P191', '3', '2018-01-08'),
('P192', '5', '2018-07-27'),
('P193', '8', '2018-02-17'),
('P194', '11', '2017-07-18'),
('P195', '15', '2018-06-24'),
('P196', '18', '2022-02-14'),
('P197', '20', '2018-01-08'),
('P198', '24', '2018-07-27'),
('P199', '28', '2018-02-17'),
('P200', '1', '2017-07-18'),
('P201', '3', '2018-06-24'),
('P202', '5', '2022-02-14'),
('P203', '8', '2018-01-08'),
('P204', '11', '2018-07-27');


-- TABLA GRUPOS

INSERT INTO grupos (CodG, NombreG, Acrónimo, URL, Dirigido_por) VALUES
('G01', 'Grupo de Inteligencia Artificial', 'GIA', 'https://www.uc3m.es/grupo1', 'P194'),
('G02', 'Grupo de Robótica Industrial', 'GRI', 'https://www.uc3m.es/grupo2', 'P178'),
('G03', 'Grupo de Investigación de la Salud y del Deporte', 'GSD', 'https://www.uc3m.es/grupo3', 'P111'),
('G04', 'Grupo de Sociología', 'GS', 'https://www.uc3m.es/grupo4', 'P079'),
('G05', 'Grupo de Filosofía Moderna', 'GFM', 'https://www.uc3m.es/grupo5', 'P051'),
('G06', 'Grupo de Macroeconomía', 'GMACE', 'https://www.uc3m.es/grupo6', 'P032'),
('G07', 'Grupo de Microeconomía', 'GMICE', 'https://www.uc3m.es/grupo7', 'P033'),
('G08', 'Grupo de Estudios Sociales y Tecnología', 'GEST', 'https://www.uc3m.es/grupo8', 'P195'),
('G09', 'Grupo de Ecología ', 'GECO', 'https://www.uc3m.es/grupo9', 'P004'),
('G10', 'Grupo de Psicología', 'GPSI', 'https://www.uc3m.es/grupo10', 'P003'),
('G11', 'Grupo de Matemática Aplicada', 'GMA', 'https://www.uc3m.es/grupo11', 'P067'),
('G12', 'Grupo de Ingienería Aereospacial', 'GIAERO', 'https://www.uc3m.es/grupo12', 'P184'),
('G13', 'Grupo de Ingienería Molecular', 'GIMOL', 'https://www.uc3m.es/grupo13', 'P144'),
('G14', 'Grupo de Ciberseguridad', 'GCIB', 'https://www.uc3m.es/grupo14', 'P001'),
('G15', 'Grupo de Informática', 'GI', 'https://www.uc3m.es/grupo15', 'P020'),
('G16', 'Grupo de Historia Moderna', 'GHM', 'https://www.uc3m.es/grupo16', 'P140'),
('G17', 'Grupo de Política', 'GP', 'https://www.uc3m.es/grupo17', 'P161'),
('G18', 'Grupo de Lingüística', 'GL', 'https://www.uc3m.es/grupo18', 'P199'),
('G19', 'Grupo de Nanotecnología', 'GNTECH', 'https://www.uc3m.es/grupo19', 'P136'),
('G20', 'Grupo de Ingienería Biomédica', 'GIBIO', 'https://www.uc3m.es/grupo20', 'P188');

-- TABLA PERTENECE
INSERT INTO pertenece (Grupo, Investigador, Fecha_I) VALUES
('G01', 'P123', '2015-10-09'),
('G01', 'P108', '2017-07-18'),
('G01', 'P138', '2016-11-09'),
('G01', 'P106', '2018-02-17'),
('G01', 'P073', '2018-07-27'),
('G01', 'P156', '2016-01-07'),
('G01', 'P045', '2018-01-08'),
('G01', 'P109', '2018-06-24'),
('G01', 'P039', '2022-02-14'),
('G02', 'P051', '2017-04-10'),
('G02', 'P087', '2015-04-13'),
('G02', 'P084', '2021-03-09'),
('G02', 'P169', '2022-06-07'),
('G02', 'P114', '2017-07-12'),
('G02', 'P120', '2016-04-16'),
('G02', 'P047', '2022-06-19'),
('G03', 'P021', '2022-01-19'),
('G03', 'P175', '2017-01-03'),
('G03', 'P164', '2021-02-12'),
('G03', 'P065', '2019-06-07'),
('G03', 'P001', '2022-02-19'),
('G03', 'P086', '2019-06-15'),
('G03', 'P193', '2017-03-08'),
('G03', 'P039', '2018-03-30'),
('G04', 'P046', '2020-08-01'),
('G04', 'P099', '2016-07-01'),
('G04', 'P110', '2020-11-04'),
('G04', 'P182', '2019-04-21'),
('G04', 'P128', '2017-12-29'),
('G04', 'P051', '2018-10-19'),
('G04', 'P012', '2020-06-22'),
('G04', 'P023', '2020-11-25'),
('G05', 'P142', '2018-08-29'),
('G05', 'P020', '2017-05-26'),
('G05', 'P077', '2018-06-19'),
('G05', 'P067', '2015-11-11'),
('G05', 'P169', '2016-12-19'),
('G05', 'P161', '2021-07-27'),
('G05', 'P122', '2019-08-18'),
('G05', 'P103', '2020-12-18'),
('G06', 'P003', '2021-12-17'),
('G06', 'P076', '2019-12-17'),
('G06', 'P106', '2017-08-02'),
('G06', 'P019', '2015-12-31'),
('G06', 'P171', '2018-03-08'),
('G06', 'P150', '2017-04-19'),
('G06', 'P025', '2015-12-13'),
('G06', 'P187', '2022-01-26'),
('G07', 'P057', '2021-05-04'),
('G07', 'P027', '2017-08-03'),
('G07', 'P111', '2016-04-04'),
('G07', 'P140', '2021-11-28'),
('G07', 'P126', '2021-11-21'),
('G07', 'P033', '2015-02-09'),
('G07', 'P074', '2021-11-17'),
('G07', 'P194', '2018-08-15'),
('G08', 'P042', '2015-04-24'),
('G08', 'P093', '2016-01-05'),
('G08', 'P056', '2018-07-14'),
('G08', 'P200', '2022-08-04'),
('G08', 'P192', '2018-11-21'),
('G08', 'P081', '2022-01-08'),
('G08', 'P191', '2015-07-29'),
('G08', 'P023', '2022-04-18'),
('G09', 'P052', '2016-10-13'),
('G09', 'P098', '2015-07-04'),
('G09', 'P127', '2017-03-20'),
('G09', 'P149', '2021-07-31'),
('G09', 'P141', '2016-06-27'),
('G09', 'P157', '2021-04-18'),
('G09', 'P061', '2021-03-25'),
('G09', 'P104', '2017-12-26'),
('G09', 'P016', '2018-07-15'),
('G10', 'P122', '2020-01-06'),
('G10', 'P166', '2016-04-04'),
('G10', 'P054', '2022-10-19'),
('G10', 'P030', '2018-09-10'),
('G10', 'P200', '2021-12-29'),
('G10', 'P053', '2016-01-23'),
('G11', 'P120', '2019-10-01'),
('G11', 'P010', '2022-04-03'),
('G11', 'P100', '2021-07-20'),
('G11', 'P063', '2017-08-01'),
('G11', 'P199', '2017-02-20'),
('G11', 'P082', '2017-01-17'),
('G11', 'P149', '2019-08-26'),
('G11', 'P148', '2017-03-01'),
('G11', 'P141', '2020-10-09'),
('G12', 'P029', '2019-09-23'),
('G12', 'P144', '2020-11-02'),
('G12', 'P049', '2018-12-21'),
('G12', 'P156', '2015-11-16'),
('G12', 'P036', '2019-08-09'),
('G12', 'P018', '2021-03-24'),
('G12', 'P071', '2015-02-04'),
('G12', 'P189', '2021-10-15'),
('G13', 'P116', '2019-02-12'),
('G13', 'P131', '2021-07-30'),
('G13', 'P136', '2015-02-20'),
('G13', 'P152', '2016-07-26'),
('G13', 'P155', '2019-04-06'),
('G13', 'P026', '2022-07-14'),
('G13', 'P145', '2021-03-20'),
('G13', 'P188', '2022-06-02'),
('G14', 'P034', '2021-07-14'),
('G14', 'P016', '2017-08-10'),
('G14', 'P110', '2021-01-03'),
('G14', 'P158', '2022-04-03'),
('G14', 'P192', '2016-12-23'),
('G14', 'P195', '2015-11-22'),
('G14', 'P004', '2022-09-21'),
('G14', 'P166', '2018-12-20'),
('G15', 'P128', '2018-05-15'),
('G15', 'P101', '2021-10-19'),
('G15', 'P157', '2019-05-11'),
('G15', 'P199', '2019-06-13'),
('G15', 'P073', '2021-04-19'),
('G15', 'P009', '2018-07-01'),
('G15', 'P017', '2022-09-25'),
('G15', 'P168', '2017-05-21'),
('G16', 'P094', '2019-07-20'),
('G16', 'P080', '2022-04-30'),
('G16', 'P059', '2019-08-22'),
('G16', 'P067', '2019-02-28'),
('G16', 'P041', '2020-12-24'),
('G16', 'P194', '2016-12-28'),
('G16', 'P127', '2020-11-22'),
('G16', 'P099', '2016-12-22'),
('G17', 'P048', '2019-09-23'),
('G17', 'P131', '2016-10-06'),
('G17', 'P015', '2019-07-30'),
('G17', 'P037', '2022-08-23'),
('G17', 'P044', '2019-05-19'),
('G17', 'P014', '2017-02-04'),
('G17', 'P197', '2020-08-30'),
('G17', 'P047', '2017-09-27'),
('G18', 'P114', '2022-11-01'),
('G18', 'P041', '2021-11-28'),
('G18', 'P009', '2019-11-10'),
('G18', 'P187', '2022-12-06'),
('G18', 'P117', '2016-07-20'),
('G18', 'P171', '2018-10-20'),
('G18', 'P146', '2022-07-28'),
('G18', 'P019', '2016-10-07'),
('G19', 'P181', '2020-09-04'),
('G19', 'P175', '2017-10-28'),
('G19', 'P034', '2019-08-03'),
('G19', 'P022', '2016-12-10'),
('G19', 'P172', '2017-06-24'),
('G19', 'P098', '2015-10-17'),
('G19', 'P079', '2019-05-24'),
('G20', 'P001', '2020-10-26'),
('G20', 'P193', '2015-06-14'),
('G20', 'P057', '2016-08-31'),
('G20', 'P104', '2019-12-30'),
('G20', 'P145', '2020-12-01'),
('G20', 'P010', '2019-07-06'),
('G20', 'P066', '2015-08-07'),
('G20', 'P177', '2020-05-21'),
('G20', 'P037', '2016-09-21');

-- TABLA CONVOCATORIA

INSERT INTO convocatoria (CodConv, NombreConv, Año, TipoC)
Values ('CONV01','Ayudas para la Organización de Eventos tecnologicos','2025-10-19','Interna');
INSERT INTO convocatoria (CodConv, NombreConv, Año, TipoC) VALUES
('CONV02','Ayudas para Congresos Internacionales de Ingeniería','2025-06-15','Externa'),
('CONV03','Subvenciones para Talleres de Innovación y Emprendimiento','2025-08-20','Interna'),
('CONV04','Financiación de Seminarios de Inteligencia Artificial','2025-09-10','Externa'),
('CONV05','Apoyo a Jornadas de Ciberseguridad','2025-11-01','Interna'),
('CONV06','Ayudas para Eventos de Divulgación Científica','2025-07-25','Externa'),
('CONV07','Convocatoria para Conferencias de Robótica','2025-12-05','Interna'),
('CONV08','Financiación de Hackathons de Tecnología Educativa','2025-10-12','Externa'),
('CONV09','Apoyo a Simposios de Sostenibilidad','2025-09-30','Interna'),
('CONV10','Ayudas para Encuentros de Ciencia de Datos','2025-11-22','Interna');

-- TABLA EVENTO

INSERT INTO evento (CodEv, Título, FechaH_I, FechaH_F, Streaming, URL, Idioma, Ayuda, Cuantía, Organizado_por, Presupuesto, TipoE, Celebrado_en, Sala) VALUES
(1, 'Inteligencia Artificial: Taller práctico #1', '2022-02-04 09:05:00', '2022-02-04 13:05:00', 'no', 'http://event1.example.com', 'español', 'CONV01', 11996, 'P111', 91411, '1', '1', 'Sala 1'),
(2, 'Economia: Taller práctico #1', '2022-03-07 10:10:00', '2022-03-07 16:10:00', 'no', 'http://event2.example.com', 'español', 'CONV02', 48078, 'P111', 63090, '2', '7', 'Sala 2'),
(3, 'Estadistica y empresa: Taller práctico #1', '2022-04-10 11:15:00', '2022-04-12 14:15:00', 'si', 'http://event3.example.com', 'español', 'CONV03', 2682, 'P111', 43570, '3', '13', 'Sala 3'),
(4, 'Informatica: Taller práctico #1', '2022-05-13 12:20:00', '2022-05-14 12:20:00', 'no', 'http://event4.example.com', 'español', 'CONV04', 25596, 'P111', 77586, '4', '8', 'Sala 4'),
(5, 'Derecho: Taller práctico #1', '2022-06-16 13:25:00', '2022-06-16 16:25:00', 'si', 'http://event5.example.com', 'español', NULL, 0, 'P161', 31830, '5', '9', 'Sala 5'),
(6, 'ADE: Taller práctico #1', '2022-07-19 14:30:00', '2022-07-19 16:30:00', 'no', 'http://event6.example.com', 'español', NULL, 0, 'P161', 39529, '1', '12', 'Sala 6'),
(7, 'Marketing: Taller práctico #1', '2022-08-22 15:35:00', '2022-08-22 21:35:00', 'no', 'http://event7.example.com', 'inglés', NULL, 0, 'P161', 74177, '2', '13', 'Sala 7'),
(8, 'Matematicas: Taller práctico #1', '2022-09-25 16:40:00', '2022-09-27 19:40:00', 'no', 'http://event8.example.com', 'inglés', 'CONV08', 44353, 'P162', 92924, '3', '8', 'Sala 8'),
(9, 'Periodismo: Taller práctico #1', '2022-10-28 17:45:00', '2022-10-29 01:45:00', 'no', 'http://event9.example.com', 'inglés', NULL, 0, 'P162', 44725, '4', '3', 'Sala 9'),
(10, 'Artes: Taller práctico #1', '2022-11-03 18:50:00', '2022-11-03 20:50:00', 'no', 'http://event10.example.com', 'español', NULL, 0, 'P162', 64251, '5', '2', 'Sala 10'),
(11, 'Ciencia de datos: Taller práctico #1', '2022-12-06 19:55:00', '2022-12-06 21:55:00', 'no', 'http://event11.example.com', 'español', 'CONV01', 24736, 'P162', 84994, '1', '13', 'Sala 11'),
(12, 'Educación: Taller práctico #1', '2022-01-09 08:00:00', '2022-01-09 11:00:00', 'no', 'http://event12.example.com', 'español', 'CONV02', 49090, 'P016', 117476, '2', '8', 'Sala 12'),
(13, 'Deporte: Taller práctico #1', '2022-02-12 09:05:00', '2022-02-15 14:05:00', 'no', 'http://event13.example.com', 'español', NULL, 0, 'P016', 70539, '3', '10', 'Sala 1'),
(14, 'Medicina: Taller práctico #1', '2022-03-15 10:10:00', '2022-03-16 07:10:00', 'no', 'http://event14.example.com', 'español', 'CONV04', 48908, 'P016', 126564, '4', '7', 'Sala 2'),
(15, 'Robótica: Taller práctico #1', '2022-04-18 11:15:00', '2022-04-18 15:15:00', 'no', 'http://event15.example.com', 'español', 'CONV05', 17088, 'P182', 28447, '5', '13', 'Sala 3'),
(16, 'Emprendimiento: Taller práctico #1', '2022-05-21 12:20:00', '2022-05-21 16:20:00', 'no', 'http://event16.example.com', 'español', NULL, 0, 'P182', 31963, '1', '8', 'Sala 4'),
(17, 'Literatura: Taller práctico #1', '2022-06-24 13:25:00', '2022-06-24 18:25:00', 'no', 'http://event17.example.com', 'inglés', 'CONV07', 44790, 'P182', 94464, '2', '4', 'Sala 5'),
(18, 'Producción sonora: Taller práctico #1', '2022-07-27 14:30:00', '2022-07-30 15:30:00', 'no', 'http://event18.example.com', 'inglés', 'CONV08', 22300, 'P182', 46134, '3', '12', 'Sala 6'),
(19, 'Diseño gráfico: Taller práctico #1', '2022-08-02 15:35:00', '2022-08-03 12:35:00', 'si', 'http://event19.example.com', 'inglés', 'CONV09', 17931, 'P124', 62539, '4', '13', 'Sala 7'),
(20, 'Turismo internacional: Taller práctico #1', '2022-09-05 16:40:00', '2022-09-05 20:40:00', 'no', 'http://event20.example.com', 'español', NULL, 0, 'P124', 36211, '5', '8', 'Sala 8'),
(21, 'Inteligencia Artificial: Taller práctico #2', '2022-10-08 17:45:00', '2022-10-08 23:45:00', 'si', 'http://event21.example.com', 'español', 'CONV01', 13521, 'P123', 24742, '1', '11', 'Sala 9'),
(22, 'Economia: Taller práctico #2', '2022-11-11 18:50:00', '2022-11-11 21:50:00', 'no', 'http://event22.example.com', 'español', NULL, 0, 'P123', 64038, '2', '2', 'Sala 10'),
(23, 'Estadistica y empresa: Taller práctico #2', '2022-12-14 19:55:00', '2022-12-16 23:55:00', 'no', 'http://event23.example.com', 'español', NULL, 0, 'P123', 64332, '3', '13', 'Sala 11'),
(24, 'Informatica: Taller práctico #2', '2022-01-17 08:00:00', '2022-01-18 04:00:00', 'no', 'http://event24.example.com', 'español', 'CONV04', 7098, 'P043', 45664, '4', '8', 'Sala 12'),
(25, 'Derecho: Taller práctico #2', '2022-02-20 09:05:00', '2022-02-20 12:05:00', 'no', 'http://event25.example.com', 'español', NULL, 0, 'P043', 31890, '5', '5', 'Sala 1'),
(26, 'ADE: Taller práctico #2', '2022-03-23 10:10:00', '2022-03-23 14:10:00', 'no', 'http://event26.example.com', 'español', 'CONV06', 25184, 'P043', 87215, '1', '7', 'Sala 2'),
(27, 'Marketing: Taller práctico #2', '2022-04-26 11:15:00', '2022-04-26 17:15:00', 'no', 'http://event27.example.com', 'inglés', 'CONV07', 28885, 'P158', 101025, '2', '13', 'Sala 3'),
(28, 'Matematicas: Taller práctico #2', '2022-05-01 12:20:00', '2022-05-04 15:20:00', 'no', 'http://event28.example.com', 'inglés', 'CONV08', 18754, 'P158', 58943, '3', '8', 'Sala 4'),
(29, 'Periodismo: Taller práctico #2', '2022-06-04 13:25:00', '2022-06-05 03:25:00', 'si', 'http://event29.example.com', 'inglés', NULL, 0, 'P165', 25242, '4', '1', 'Sala 5'),
(30, 'Artes: Taller práctico #2', '2022-07-07 14:30:00', '2022-07-07 18:30:00', 'si', 'http://event30.example.com', 'español', 'CONV10', 36118, 'P165', 60385, '5', '12', 'Sala 6'),
(31, 'Ciencia de datos: Taller práctico #2', '2022-08-10 15:35:00', '2022-08-10 18:35:00', 'si', 'http://event31.example.com', 'español', 'CONV01', 32732, 'P165', 68973, '1', '13', 'Sala 7'),
(32, 'Educación: Taller práctico #2', '2022-09-13 16:40:00', '2022-09-13 22:40:00', 'no', 'http://event32.example.com', 'español', 'CONV02', 35382, 'P165', 113604, '2', '8', 'Sala 8'),
(33, 'Deporte: Taller práctico #2', '2022-10-16 17:45:00', '2022-10-19 18:45:00', 'no', 'http://event33.example.com', 'español', 'CONV03', 20414, 'P136', 50230, '3', '9', 'Sala 9'),
(34, 'Medicina: Taller práctico #2', '2022-11-19 18:50:00', '2022-11-20 11:50:00', 'si', 'http://event34.example.com', 'español', 'CONV04', 1927, 'P136', 71937, '4', '2', 'Sala 10'),
(35, 'Robótica: Taller práctico #2', '2022-12-22 19:55:00', '2022-12-22 22:55:00', 'si', 'http://event35.example.com', 'español', 'CONV05', 4573, 'P136', 77102, '5', '13', 'Sala 11'),
(36, 'Emprendimiento: Taller práctico #2', '2022-01-25 08:00:00', '2022-01-25 12:00:00', 'no', 'http://event36.example.com', 'español', NULL, 0, 'P175', 16551, '1', '8', 'Sala 12'),
(37, 'Literatura: Taller práctico #2', '2022-02-28 09:05:00', '2022-02-28 14:05:00', 'si', 'http://event37.example.com', 'inglés', 'CONV07', 1803, 'P175', 77046, '2', '3', 'Sala 1'),
(38, 'Producción sonora: Taller práctico #2', '2022-03-03 10:10:00', '2022-03-06 14:10:00', 'no', 'http://event38.example.com', 'inglés', NULL, 0, 'P041', 44657, '3', '7', 'Sala 2'),
(39, 'Diseño gráfico: Taller práctico #2', '2022-04-06 11:15:00', '2022-04-06 22:15:00', 'no', 'http://event39.example.com', 'inglés', 'CONV09', 17546, 'P041', 80162, '4', '13', 'Sala 3'),
(40, 'Turismo internacional: Taller práctico #2', '2022-05-09 12:20:00', '2022-05-09 14:20:00', 'no', 'http://event40.example.com', 'español', 'CONV10', 27260, 'P041', 91714, '5', '8', 'Sala 4'),
(41, 'Inteligencia Artificial: Taller práctico #3', '2022-06-12 13:25:00', '2022-06-12 15:25:00', 'no', 'http://event41.example.com', 'español', 'CONV01', 45987, 'P164', 53013, '1', '10', 'Sala 5'),
(42, 'Economia: Taller práctico #3', '2022-07-15 14:30:00', '2022-07-15 17:30:00', 'si', 'http://event42.example.com', 'español', 'CONV02', 37886, 'P164', 77710, '2', '12', 'Sala 6'),
(43, 'Estadistica y empresa: Taller práctico #3', '2022-08-18 15:35:00', '2022-08-20 17:35:00', 'si', 'http://event43.example.com', 'español', NULL, 0, 'P164', 54548, '3', '13', 'Sala 7'),
(44, 'Informatica: Taller práctico #3', '2022-09-21 16:40:00', '2022-09-22 05:40:00', 'no', 'http://event44.example.com', 'español', NULL, 0, 'P109', 49856, '4', '8', 'Sala 8'),
(45, 'Derecho: Taller práctico #3', '2022-10-24 17:45:00', '2022-10-24 22:45:00', 'no', 'http://event45.example.com', 'español', NULL, 0, 'P109', 38974, '5', '4', 'Sala 9'),
(46, 'ADE: Taller práctico #3', '2022-11-27 18:50:00', '2022-11-28 00:50:00', 'no', 'http://event46.example.com', 'español', NULL, 0, 'P109', 40026, '1', '2', 'Sala 10'),
(47, 'Marketing: Taller práctico #3', '2022-12-02 19:55:00', '2022-12-03 01:55:00', 'no', 'http://event47.example.com', 'inglés', NULL, 0, 'P091', 79905, '2', '13', 'Sala 11'),
(48, 'Matematicas: Taller práctico #3', '2022-01-05 08:00:00', '2022-01-07 10:00:00', 'no', 'http://event48.example.com', 'inglés', 'CONV08', 18343, 'P091', 28984, '3', '8', 'Sala 12'),
(49, 'Periodismo: Taller práctico #3', '2022-02-08 09:05:00', '2022-02-08 20:05:00', 'si', 'http://event49.example.com', 'inglés', 'CONV09', 37175, 'P091', 47013, '4', '11', 'Sala 1'),
(50, 'Artes: Taller práctico #3', '2022-03-11 10:10:00', '2022-03-11 13:10:00', 'si', 'http://event50.example.com', 'español', 'CONV10', 30524, 'P091', 108356, '5', '7', 'Sala 2'),
(51, 'Ciencia de datos: Taller práctico #3', '2022-04-14 11:15:00', '2022-04-14 16:15:00', 'si', 'http://event51.example.com', 'español', 'CONV01', 16170, 'P035', 53932, '1', '13', 'Sala 3'),
(52, 'Educación: Taller práctico #3', '2022-05-17 12:20:00', '2022-05-17 16:20:00', 'no', 'http://event52.example.com', 'español', NULL, 0, 'P035', 59510, '2', '8', 'Sala 4'),
(53, 'Deporte: Taller práctico #3', '2022-06-20 13:25:00', '2022-06-22 15:25:00', 'no', 'http://event53.example.com', 'español', 'CONV03', 41963, 'P023', 119267, '3', '5', 'Sala 5'),
(54, 'Medicina: Taller práctico #3', '2022-07-23 14:30:00', '2022-07-24 02:30:00', 'no', 'http://event54.example.com', 'español', 'CONV04', 36688, 'P023', 66154, '4', '12', 'Sala 6'),
(55, 'Robótica: Taller práctico #3', '2023-08-26 15:35:00', '2023-08-26 18:35:00', 'no', 'http://event55.example.com', 'español', 'CONV05', 10321, 'P131', 19680, '5', '13', 'Sala 7'),
(56, 'Emprendimiento: Taller práctico #3', '2023-09-01 16:40:00', '2023-09-01 18:40:00', 'si', 'http://event56.example.com', 'español', 'CONV06', 21159, 'P131', 99152, '1', '8', 'Sala 8'),
(57, 'Literatura: Taller práctico #3', '2023-10-04 17:45:00', '2023-10-04 23:45:00', 'no', 'http://event57.example.com', 'inglés', NULL, 0, 'P198', 57560, '2', '1', 'Sala 9'),
(58, 'Producción sonora: Taller práctico #3', '2023-11-07 18:50:00', '2023-11-09 22:50:00', 'no', 'http://event58.example.com', 'inglés', NULL, 0, 'P198', 52757, '3', '2', 'Sala 10'),
(59, 'Diseño gráfico: Taller práctico #3', '2023-12-10 19:55:00', '2023-12-11 09:55:00', 'no', 'http://event59.example.com', 'inglés', NULL, 0, 'P168', 64722, '4', '13', 'Sala 11'),
(60, 'Turismo internacional: Taller práctico #3', '2023-01-13 08:00:00', '2023-01-13 13:00:00', 'si', 'http://event60.example.com', 'español', NULL, 0, 'P168', 5224, '5', '8', 'Sala 12'),
(61, 'Inteligencia Artificial: Taller práctico #4', '2023-02-16 09:05:00', '2023-02-16 14:05:00', 'no', 'http://event61.example.com', 'español', 'CONV01', 40564, 'P168', 73380, '1', '9', 'Sala 1'),
(62, 'Economia: Taller práctico #4', '2023-03-19 10:10:00', '2023-03-19 12:10:00', 'si', 'http://event62.example.com', 'español', 'CONV02', 45190, 'P080', 120582, '2', '7', 'Sala 2'),
(63, 'Estadistica y empresa: Taller práctico #4', '2023-04-22 11:15:00', '2023-04-24 14:15:00', 'no', 'http://event63.example.com', 'español', 'CONV03', 12481, 'P080', 74150, '3', '13', 'Sala 3'),
(64, 'Informatica: Taller práctico #4', '2023-05-25 12:20:00', '2023-05-26 10:20:00', 'no', 'http://event64.example.com', 'español', 'CONV04', 19229, 'P080', 43017, '4', '8', 'Sala 4'),
(65, 'Derecho: Taller práctico #4', '2023-06-28 13:25:00', '2023-06-28 19:25:00', 'no', 'http://event65.example.com', 'español', 'CONV05', 33225, 'P080', 45184, '5', '3', 'Sala 5'),
(66, 'ADE: Taller práctico #4', '2023-07-03 14:30:00', '2023-07-03 19:30:00', 'no', 'http://event66.example.com', 'español', NULL, 0, 'P169', 43687, '1', '12', 'Sala 6'),
(67, 'Marketing: Taller práctico #4', '2023-08-06 15:35:00', '2023-08-06 19:35:00', 'no', 'http://event67.example.com', 'inglés', 'CONV07', 11539, 'P169', 54767, '2', '13', 'Sala 7'),
(68, 'Matematicas: Taller práctico #4', '2023-09-09 16:40:00', '2023-09-12 20:40:00', 'si', 'http://event68.example.com', 'inglés', 'CONV08', 27244, 'P154', 99346, '3', '8', 'Sala 8'),
(69, 'Periodismo: Taller práctico #4', '2023-10-12 17:45:00', '2023-10-13 00:45:00', 'no', 'http://event69.example.com', 'inglés', NULL, 0, 'P154', 41224, '4', '10', 'Sala 9'),
(70, 'Artes: Taller práctico #4', '2023-11-15 18:50:00', '2023-11-15 22:50:00', 'no', 'http://event70.example.com', 'español', 'CONV10', 27488, 'P154', 94937, '5', '2', 'Sala 10'),
(71, 'Ciencia de datos: Taller práctico #4', '2023-12-18 19:55:00', '2023-12-18 21:55:00', 'no', 'http://event71.example.com', 'español', 'CONV01', 36559, 'P154', 97111, '1', '13', 'Sala 11'),
(72, 'Educación: Taller práctico #4', '2023-01-21 08:00:00', '2023-01-21 13:00:00', 'si', 'http://event72.example.com', 'español', 'CONV02', 34976, 'P022', 82395, '2', '8', 'Sala 12'),
(73, 'Deporte: Taller práctico #4', '2023-02-24 09:05:00', '2023-02-27 13:05:00', 'no', 'http://event73.example.com', 'español', 'CONV03', 14340, 'P022', 49343, '3', '4', 'Sala 1'),
(74, 'Medicina: Taller práctico #4', '2023-03-27 10:10:00', '2023-03-28 09:10:00', 'si', 'http://event74.example.com', 'español', NULL, 0, 'P138', 37752, '4', '7', 'Sala 2'),
(75, 'Robótica: Taller práctico #4', '2023-04-02 11:15:00', '2023-04-02 16:15:00', 'no', 'http://event75.example.com', 'español', NULL, 0, 'P138', 63532, '5', '13', 'Sala 3'),
(76, 'Emprendimiento: Taller práctico #4', '2023-05-05 12:20:00', '2023-05-05 14:20:00', 'si', 'http://event76.example.com', 'español', NULL, 0, 'P074', 79806, '1', '8', 'Sala 4'),
(77, 'Literatura: Taller práctico #4', '2023-06-08 13:25:00', '2023-06-08 16:25:00', 'no', 'http://event77.example.com', 'inglés', 'CONV07', 21365, 'P074', 93564, '2', '11', 'Sala 5'),
(78, 'Producción sonora: Taller práctico #4', '2023-07-11 14:30:00', '2023-07-13 19:30:00', 'no', 'http://event78.example.com', 'inglés', 'CONV08', 15725, 'P074', 30596, '3', '12', 'Sala 6'),
(79, 'Diseño gráfico: Taller práctico #4', '2023-08-14 15:35:00', '2023-08-15 11:35:00', 'no', 'http://event79.example.com', 'inglés', NULL, 0, 'P122', 20181, '4', '13', 'Sala 7'),
(80, 'Turismo internacional: Taller práctico #4', '2023-09-17 16:40:00', '2023-09-17 21:40:00', 'no', 'http://event80.example.com', 'español', 'CONV10', 20127, 'P122', 86825, '5', '8', 'Sala 8'),
(81, 'Inteligencia Artificial: Taller práctico #5', '2023-10-20 17:45:00', '2023-10-20 21:45:00', 'no', 'http://event81.example.com', 'español', 'CONV01', 32621, 'P122', 94515, '1', '5', 'Sala 9'),
(82, 'Economia: Taller práctico #5', '2023-11-23 18:50:00', '2023-11-23 21:50:00', 'no', 'http://event82.example.com', 'español', NULL, 0, 'P152', 18958, '2', '2', 'Sala 10'),
(83, 'Estadistica y empresa: Taller práctico #5', '2023-12-26 19:55:00', '2023-12-29 21:55:00', 'no', 'http://event83.example.com', 'español', NULL, 0, 'P152', 66616, '3', '13', 'Sala 11'),
(84, 'Informatica: Taller práctico #5', '2023-01-01 08:00:00', '2023-01-01 18:00:00', 'no', 'http://event84.example.com', 'español', NULL, 0, 'P152', 36208, '4', '8', 'Sala 12'),
(85, 'Derecho: Taller práctico #5', '2023-02-04 09:05:00', '2023-02-04 14:05:00', 'no', 'http://event85.example.com', 'español', 'CONV05', 34275, 'P081', 69293, '5', '1', 'Sala 1'),
(86, 'ADE: Taller práctico #5', '2023-03-07 10:10:00', '2023-03-07 12:10:00', 'si', 'http://event86.example.com', 'español', 'CONV06', 20566, 'P081', 97497, '1', '7', 'Sala 2'),
(87, 'Marketing: Taller práctico #5', '2023-04-10 11:15:00', '2023-04-10 17:15:00', 'no', 'http://event87.example.com', 'inglés', NULL, 0, 'P081', 64178, '2', '13', 'Sala 3'),
(88, 'Matematicas: Taller práctico #5', '2023-05-13 12:20:00', '2023-05-15 16:20:00', 'no', 'http://event88.example.com', 'inglés', 'CONV08', 23618, 'P081', 67191, '3', '8', 'Sala 4'),
(89, 'Periodismo: Taller práctico #5', '2023-06-16 13:25:00', '2023-06-17 12:25:00', 'no', 'http://event89.example.com', 'inglés', NULL, 0, 'P060', 49441, '4', '9', 'Sala 5'),
(90, 'Artes: Taller práctico #5', '2023-07-19 14:30:00', '2023-07-19 19:30:00', 'no', 'http://event90.example.com', 'español', 'CONV10', 13363, 'P060', 44663, '5', '12', 'Sala 6'),
(91, 'Ciencia de datos: Taller práctico #5', '2023-08-22 15:35:00', '2023-08-22 21:35:00', 'no', 'http://event91.example.com', 'español', NULL, 0, 'P060', 53841, '1', '13', 'Sala 7'),
(92, 'Educación: Taller práctico #5', '2023-09-25 16:40:00', '2023-09-25 18:40:00', 'no', 'http://event92.example.com', 'español', NULL, 0, 'P142', 61993, '2', '8', 'Sala 8'),
(93, 'Deporte: Taller práctico #5', '2023-10-28 17:45:00', '2023-10-31 21:45:00', 'no', 'http://event93.example.com', 'español', NULL, 0, 'P142', 19936, '3', '3', 'Sala 9'),
(94, 'Medicina: Taller práctico #5', '2023-11-03 18:50:00', '2023-11-04 15:50:00', 'no', 'http://event94.example.com', 'español', 'CONV04', 9273, 'P142', 75109, '4', '2', 'Sala 10'),
(95, 'Robótica: Taller práctico #5', '2023-12-06 19:55:00', '2023-12-07 01:55:00', 'no', 'http://event95.example.com', 'español', 'CONV05', 7577, 'P084', 65288, '5', '13', 'Sala 11'),
(96, 'Emprendimiento: Taller práctico #5', '2023-01-09 08:00:00', '2023-01-09 10:00:00', 'no', 'http://event96.example.com', 'español', NULL, 0, 'P084', 59890, '1', '8', 'Sala 12'),
(97, 'Literatura: Taller práctico #5', '2023-02-12 09:05:00', '2023-02-12 11:05:00', 'no', 'http://event97.example.com', 'inglés', NULL, 0, 'P094', 53736, '2', '10', 'Sala 1'),
(98, 'Producción sonora: Taller práctico #5', '2023-03-15 10:10:00', '2023-03-17 11:10:00', 'no', 'http://event98.example.com', 'inglés', 'CONV08', 18368, 'P094', 62743, '3', '7', 'Sala 2'),
(99, 'Diseño gráfico: Taller práctico #5', '2023-04-18 11:15:00', '2023-04-19 05:15:00', 'no', 'http://event99.example.com', 'inglés', 'CONV09', 22532, 'P203', 92474, '4', '13', 'Sala 3'),
(100, 'Turismo internacional: Taller práctico #5', '2023-05-21 12:20:00', '2023-05-21 17:20:00', 'no', 'http://event100.example.com', 'español', NULL, 0, 'P203', 63956, '5', '8', 'Sala 4'),
(101, 'Inteligencia Artificial: Taller práctico #6', '2023-06-24 13:25:00', '2023-06-24 19:25:00', 'si', 'http://event101.example.com', 'español', NULL, 0, 'P203', 8968, '1', '4', 'Sala 5'),
(102, 'Economia: Taller práctico #6', '2023-07-27 14:30:00', '2023-07-27 17:30:00', 'no', 'http://event102.example.com', 'español', 'CONV02', 19833, 'P139', 49650, '2', '12', 'Sala 6'),
(103, 'Estadistica y empresa: Taller práctico #6', '2023-08-02 15:35:00', '2023-08-04 19:35:00', 'no', 'http://event103.example.com', 'español', 'CONV03', 42533, 'P139', 55706, '3', '13', 'Sala 7'),
(104, 'Informatica: Taller práctico #6', '2023-09-05 16:40:00', '2023-09-06 12:40:00', 'si', 'http://event104.example.com', 'español', 'CONV04', 20625, 'P139', 24419, '4', '8', 'Sala 8'),
(105, 'Derecho: Taller práctico #6', '2023-10-08 17:45:00', '2023-10-08 19:45:00', 'no', 'http://event105.example.com', 'español', NULL, 0, 'P127', 7355, '5', '11', 'Sala 9'),
(106, 'ADE: Taller práctico #6', '2023-11-11 18:50:00', '2023-11-11 22:50:00', 'no', 'http://event106.example.com', 'español', NULL, 0, 'P127', 56450, '1', '2', 'Sala 10'),
(107, 'Marketing: Taller práctico #6', '2023-12-14 19:55:00', '2023-12-14 22:55:00', 'si', 'http://event107.example.com', 'inglés', NULL, 0, 'P127', 54008, '2', '13', 'Sala 11'),
(108, 'Matematicas: Taller práctico #6', '2023-01-17 08:00:00', '2023-01-19 10:00:00', 'si', 'http://event108.example.com', 'inglés', 'CONV08', 40943, 'P127', 91083, '3', '8', 'Sala 12'),
(109, 'Periodismo: Taller práctico #6', '2023-02-20 09:05:00', '2023-02-20 22:05:00', 'no', 'http://event109.example.com', 'inglés', 'CONV09', 39217, 'P174', 57975, '4', '5', 'Sala 1'),
(110, 'Artes: Taller práctico #6', '2023-03-23 10:10:00', '2023-03-23 13:10:00', 'no', 'http://event110.example.com', 'español', 'CONV10', 17644, 'P174', 77880, '5', '7', 'Sala 2'),
(111, 'Ciencia de datos: Taller práctico #6', '2023-04-26 11:15:00', '2023-04-26 15:15:00', 'no', 'http://event111.example.com', 'español', NULL, 0, 'P174', 60981, '1', '13', 'Sala 3'),
(112, 'Educación: Taller práctico #6', '2023-05-01 12:20:00', '2023-05-01 16:20:00', 'no', 'http://event112.example.com', 'español', 'CONV02', 11353, 'P174', 21034, '2', '8', 'Sala 4'),
(113, 'Deporte: Taller práctico #6', '2023-06-04 13:25:00', '2023-06-07 16:25:00', 'no', 'http://event113.example.com', 'español', 'CONV03', 20605, 'P110', 76220, '3', '1', 'Sala 5'),
(114, 'Medicina: Taller práctico #6', '2023-07-07 14:30:00', '2023-07-08 04:30:00', 'no', 'http://event114.example.com', 'español', 'CONV04', 20799, 'P110', 46910, '4', '12', 'Sala 6'),
(115, 'Robótica: Taller práctico #6', '2023-08-10 15:35:00', '2023-08-10 20:35:00', 'no', 'http://event115.example.com', 'español', NULL, 0, 'P092', 13979, '5', '13', 'Sala 7'),
(116, 'Emprendimiento: Taller práctico #6', '2023-09-13 16:40:00', '2023-09-13 19:40:00', 'no', 'http://event116.example.com', 'español', 'CONV06', 24524, 'P092', 99865, '1', '8', 'Sala 8'),
(117, 'Literatura: Taller práctico #6', '2023-10-16 17:45:00', '2023-10-16 21:45:00', 'no', 'http://event117.example.com', 'inglés', NULL, 0, 'P092', 38696, '2', '9', 'Sala 9'),
(118, 'Producción sonora: Taller práctico #6', '2023-11-19 18:50:00', '2023-11-21 22:50:00', 'si', 'http://event118.example.com', 'inglés', 'CONV08', 38088, 'P092', 44516, '3', '2', 'Sala 10'),
(119, 'Diseño gráfico: Taller práctico #6', '2023-12-22 19:55:00', '2023-12-23 16:55:00', 'no', 'http://event119.example.com', 'inglés', NULL, 0, 'P096', 37512, '4', '13', 'Sala 11'),
(120, 'Turismo internacional: Taller práctico #6', '2023-01-25 08:00:00', '2023-01-25 11:00:00', 'no', 'http://event120.example.com', 'español', NULL, 0, 'P096', 46179, '5', '8', 'Sala 12'),
(121, 'Inteligencia Artificial: Taller práctico #7', '2023-02-28 09:05:00', '2023-02-28 12:05:00', 'no', 'http://event121.example.com', 'español', NULL, 0, 'P096', 32850, '1', '3', 'Sala 1'),
(122, 'Economia: Taller práctico #7', '2023-03-03 10:10:00', '2023-03-03 13:10:00', 'no', 'http://event122.example.com', 'español', 'CONV02', 42121, 'P170', 47288, '2', '7', 'Sala 2'),
(123, 'Estadistica y empresa: Taller práctico #7', '2023-04-06 11:15:00', '2023-04-09 15:15:00', 'si', 'http://event123.example.com', 'español', NULL, 0, 'P170', 47823, '3', '13', 'Sala 3'),
(124, 'Informatica: Taller práctico #7', '2023-05-09 12:20:00', '2023-05-09 22:20:00', 'si', 'http://event124.example.com', 'español', NULL, 0, 'P170', 38680, '4', '8', 'Sala 4'),
(125, 'Derecho: Taller práctico #7', '2023-06-12 13:25:00', '2023-06-12 17:25:00', 'no', 'http://event125.example.com', 'español', 'CONV05', 12510, 'P073', 38828, '5', '10', 'Sala 5'),
(126, 'ADE: Taller práctico #7', '2023-07-15 14:30:00', '2023-07-15 17:30:00', 'no', 'http://event126.example.com', 'español', 'CONV06', 24976, 'P073', 94555, '1', '12', 'Sala 6'),
(127, 'Marketing: Taller práctico #7', '2023-08-18 15:35:00', '2023-08-18 21:35:00', 'no', 'http://event127.example.com', 'inglés', 'CONV07', 11783, 'P116', 45464, '2', '13', 'Sala 7'),
(128, 'Matematicas: Taller práctico #7', '2023-09-21 16:40:00', '2023-09-24 19:40:00', 'no', 'http://event128.example.com', 'inglés', 'CONV08', 23198, 'P116', 38293, '3', '8', 'Sala 8'),
(129, 'Periodismo: Taller práctico #7', '2023-10-24 17:45:00', '2023-10-25 13:45:00', 'no', 'http://event129.example.com', 'inglés', 'CONV09', 10224, 'P116', 39795, '4', '4', 'Sala 9'),
(130, 'Artes: Taller práctico #7', '2023-11-27 18:50:00', '2023-11-27 23:50:00', 'no', 'http://event130.example.com', 'español', 'CONV10', 37524, 'P097', 85466, '5', '2', 'Sala 10'),
(131, 'Ciencia de datos: Taller práctico #7', '2023-12-02 19:55:00', '2023-12-02 21:55:00', 'no', 'http://event131.example.com', 'español', 'CONV01', 1912, 'P097', 36575, '1', '13', 'Sala 11'),
(132, 'Educación: Taller práctico #7', '2023-01-05 08:00:00', '2023-01-05 14:00:00', 'si', 'http://event132.example.com', 'español', NULL, 0, 'P097', 48311, '2', '8', 'Sala 12'),
(133, 'Deporte: Taller práctico #7', '2023-02-08 09:05:00', '2023-02-11 14:05:00', 'no', 'http://event133.example.com', 'español', NULL, 0, 'P042', 48689, '3', '11', 'Sala 1'),
(134, 'Medicina: Taller práctico #7', '2023-03-11 10:10:00', '2023-03-11 19:10:00', 'no', 'http://event134.example.com', 'español', 'CONV04', 31898, 'P042', 35178, '4', '7', 'Sala 2'),
(135, 'Robótica: Taller práctico #7', '2023-04-14 11:15:00', '2023-04-14 17:15:00', 'no', 'http://event135.example.com', 'español', NULL, 0, 'P042', 73584, '5', '13', 'Sala 3'),
(136, 'Emprendimiento: Taller práctico #7', '2023-05-17 12:20:00', '2023-05-17 16:20:00', 'no', 'http://event136.example.com', 'español', 'CONV06', 15507, 'P048', 23792, '1', '8', 'Sala 4'),
(137, 'Literatura: Taller práctico #7', '2023-06-20 13:25:00', '2023-06-20 18:25:00', 'no', 'http://event137.example.com', 'inglés', NULL, 0, 'P048', 39608, '2', '5', 'Sala 5'),
(138, 'Producción sonora: Taller práctico #7', '2023-07-23 14:30:00', '2023-07-26 15:30:00', 'si', 'http://event138.example.com', 'inglés', 'CONV08', 3438, 'P048', 43331, '3', '12', 'Sala 6'),
(139, 'Diseño gráfico: Taller práctico #7', '2023-08-26 15:35:00', '2023-08-27 12:35:00', 'si', 'http://event139.example.com', 'inglés', NULL, 0, 'P106', 30775, '4', '13', 'Sala 7'),
(140, 'Turismo internacional: Taller práctico #7', '2023-09-01 16:40:00', '2023-09-01 22:40:00', 'si', 'http://event140.example.com', 'español', 'CONV10', 30729, 'P106', 79358, '5', '8', 'Sala 8'),
(141, 'Inteligencia Artificial: Taller práctico #8', '2023-10-04 17:45:00', '2023-10-04 23:45:00', 'no', 'http://event141.example.com', 'español', NULL, 0, 'P106', 20253, '1', '1', 'Sala 9'),
(142, 'Economia: Taller práctico #8', '2023-11-07 18:50:00', '2023-11-07 23:50:00', 'no', 'http://event142.example.com', 'español', 'CONV02', 33069, 'P106', 86561, '2', '2', 'Sala 10'),
(143, 'Estadistica y empresa: Taller práctico #8', '2023-12-10 19:55:00', '2023-12-13 20:55:00', 'no', 'http://event143.example.com', 'español', 'CONV03', 15238, 'P192', 73353, '3', '13', 'Sala 11'),
(144, 'Informatica: Taller práctico #8', '2023-01-13 08:00:00', '2023-01-14 04:00:00', 'no', 'http://event144.example.com', 'español', 'CONV04', 24768, 'P192', 37790, '4', '8', 'Sala 12'),
(145, 'Derecho: Taller práctico #8', '2023-02-16 09:05:00', '2023-02-16 13:05:00', 'no', 'http://event145.example.com', 'español', 'CONV05', 43259, 'P192', 90271, '5', '9', 'Sala 1'),
(146, 'ADE: Taller práctico #8', '2023-03-19 10:10:00', '2023-03-19 12:10:00', 'no', 'http://event146.example.com', 'español', 'CONV06', 13439, 'P192', 29450, '1', '7', 'Sala 2'),
(147, 'Marketing: Taller práctico #8', '2023-04-22 11:15:00', '2023-04-22 16:15:00', 'si', 'http://event147.example.com', 'inglés', 'CONV07', 14900, 'P121', 93169, '2', '13', 'Sala 3'),
(148, 'Matematicas: Taller práctico #8', '2023-05-25 12:20:00', '2023-05-27 13:20:00', 'no', 'http://event148.example.com', 'inglés', NULL, 0, 'P121', 31925, '3', '8', 'Sala 4'),
(149, 'Periodismo: Taller práctico #8', '2023-06-28 13:25:00', '2023-06-28 23:25:00', 'no', 'http://event149.example.com', 'inglés', 'CONV09', 14448, 'P121', 23440, '4', '3', 'Sala 5'),
(150, 'Artes: Taller práctico #8', '2023-07-03 14:30:00', '2023-07-03 20:30:00', 'si', 'http://event150.example.com', 'español', 'CONV10', 15152, 'P121', 45691, '5', '12', 'Sala 6'),
(151, 'Ciencia de datos: Taller práctico #8', '2023-08-06 15:35:00', '2023-08-06 19:35:00', 'no', 'http://event151.example.com', 'español', NULL, 0, 'P133', 78116, '1', '13', 'Sala 7'),
(152, 'Educación: Taller práctico #8', '2023-09-09 16:40:00', '2023-09-09 18:40:00', 'si', 'http://event152.example.com', 'español', 'CONV02', 10482, 'P133', 27520, '2', '8', 'Sala 8'),
(153, 'Deporte: Taller práctico #8', '2023-10-12 17:45:00', '2023-10-15 19:45:00', 'si', 'http://event153.example.com', 'español', 'CONV03', 2689, 'P133', 19964, '3', '10', 'Sala 9'),
(154, 'Medicina: Taller práctico #8', '2023-11-15 18:50:00', '2023-11-16 00:50:00', 'no', 'http://event154.example.com', 'español', NULL, 0, 'P133', 31186, '4', '2', 'Sala 10'),
(155, 'Robótica: Taller práctico #8', '2023-12-18 19:55:00', '2023-12-19 01:55:00', 'no', 'http://event155.example.com', 'español', 'CONV05', 12419, 'P163', 47201, '5', '13', 'Sala 11'),
(156, 'Emprendimiento: Taller práctico #8', '2023-01-21 08:00:00', '2023-01-21 10:00:00', 'si', 'http://event156.example.com', 'español', NULL, 0, 'P163', 55176, '1', '8', 'Sala 12'),
(157, 'Literatura: Taller práctico #8', '2023-02-24 09:05:00', '2023-02-24 15:05:00', 'si', 'http://event157.example.com', 'inglés', 'CONV07', 5165, 'P163', 67587, '2', '4', 'Sala 1'),
(158, 'Producción sonora: Taller práctico #8', '2023-03-27 10:10:00', '2023-03-30 13:10:00', 'no', 'http://event158.example.com', 'inglés', NULL, 0, 'P163', 14293, '3', '7', 'Sala 2'),
(159, 'Diseño gráfico: Taller práctico #8', '2023-04-02 11:15:00', '2023-04-03 07:15:00', 'no', 'http://event159.example.com', 'inglés', 'CONV09', 41311, 'P033', 46994, '4', '13', 'Sala 3'),
(160, 'Turismo internacional: Taller práctico #8', '2023-05-05 12:20:00', '2023-05-05 18:20:00', 'no', 'http://event160.example.com', 'español', 'CONV10', 43161, 'P033', 47243, '5', '8', 'Sala 4'),
(161, 'Inteligencia Artificial: Taller práctico #9', '2023-06-08 13:25:00', '2023-06-08 15:25:00', 'no', 'http://event161.example.com', 'español', 'CONV01', 27320, 'P149', 83192, '1', '11', 'Sala 5'),
(162, 'Economia: Taller práctico #9', '2023-07-11 14:30:00', '2023-07-11 16:30:00', 'no', 'http://event162.example.com', 'español', NULL, 0, 'P149', 58138, '2', '12', 'Sala 6'),
(163, 'Estadistica y empresa: Taller práctico #9', '2023-08-14 15:35:00', '2023-08-16 16:35:00', 'no', 'http://event163.example.com', 'español', 'CONV03', 10721, 'P149', 19330, '3', '13', 'Sala 7'),
(164, 'Informatica: Taller práctico #9', '2023-09-17 16:40:00', '2023-09-18 02:40:00', 'si', 'http://event164.example.com', 'español', 'CONV04', 42489, 'P179', 119213, '4', '8', 'Sala 8'),
(165, 'Derecho: Taller práctico #9', '2023-10-20 17:45:00', '2023-10-20 23:45:00', 'no', 'http://event165.example.com', 'español', NULL, 0, 'P179', 49925, '5', '5', 'Sala 9'),
(166, 'ADE: Taller práctico #9', '2023-11-23 18:50:00', '2023-11-24 00:50:00', 'no', 'http://event166.example.com', 'español', 'CONV06', 30734, 'P009', 96997, '1', '2', 'Sala 10'),
(167, 'Marketing: Taller práctico #9', '2023-12-26 19:55:00', '2023-12-27 01:55:00', 'no', 'http://event167.example.com', 'inglés', NULL, 0, 'P009', 14996, '2', '13', 'Sala 11'),
(168, 'Matematicas: Taller práctico #9', '2023-01-01 08:00:00', '2023-01-03 12:00:00', 'no', 'http://event168.example.com', 'inglés', 'CONV08', 15974, 'P009', 70213, '3', '8', 'Sala 12'),
(169, 'Periodismo: Taller práctico #9', '2023-02-04 09:05:00', '2023-02-05 01:05:00', 'no', 'http://event169.example.com', 'inglés', 'CONV09', 27131, 'P058', 81655, '4', '1', 'Sala 1'),
(170, 'Artes: Taller práctico #9', '2023-03-07 10:10:00', '2023-03-07 12:10:00', 'no', 'http://event170.example.com', 'español', 'CONV10', 21481, 'P058', 54889, '5', '7', 'Sala 2'),
(171, 'Ciencia de datos: Taller práctico #9', '2023-04-10 11:15:00', '2023-04-10 15:15:00', 'no', 'http://event171.example.com', 'español', 'CONV01', 46011, 'P058', 108174, '1', '13', 'Sala 3'),
(172, 'Educación: Taller práctico #9', '2023-05-13 12:20:00', '2023-05-13 14:20:00', 'si', 'http://event172.example.com', 'español', 'CONV02', 6594, 'P082', 18813, '2', '8', 'Sala 4'),
(173, 'Deporte: Taller práctico #9', '2023-06-16 13:25:00', '2023-06-19 14:25:00', 'no', 'http://event173.example.com', 'español', 'CONV03', 25421, 'P082', 42475, '3', '9', 'Sala 5'),
(174, 'Medicina: Taller práctico #9', '2023-07-19 14:30:00', '2023-07-20 13:30:00', 'si', 'http://event174.example.com', 'español', 'CONV04', 37804, 'P082', 111424, '4', '12', 'Sala 6'),
(175, 'Robótica: Taller práctico #9', '2023-08-22 15:35:00', '2023-08-22 19:35:00', 'no', 'http://event175.example.com', 'español', 'CONV05', 27922, 'P204', 74268, '5', '13', 'Sala 7'),
(176, 'Emprendimiento: Taller práctico #9', '2023-09-25 16:40:00', '2023-09-25 21:40:00', 'no', 'http://event176.example.com', 'español', NULL, 0, 'P204', 6743, '1', '8', 'Sala 8'),
(177, 'Literatura: Taller práctico #9', '2023-10-28 17:45:00', '2023-10-28 21:45:00', 'no', 'http://event177.example.com', 'inglés', NULL, 0, 'P032', 46090, '2', '3', 'Sala 9'),
(178, 'Producción sonora: Taller práctico #9', '2023-11-03 18:50:00', '2023-11-05 23:50:00', 'no', 'http://event178.example.com', 'inglés', NULL, 0, 'P032', 20280, '3', '2', 'Sala 10'),
(179, 'Diseño gráfico: Taller práctico #9', '2023-12-06 19:55:00', '2023-12-07 16:55:00', 'si', 'http://event179.example.com', 'inglés', NULL, 0, 'P032', 14184, '4', '13', 'Sala 11'),
(180, 'Turismo internacional: Taller práctico #9', '2023-01-09 08:00:00', '2023-01-09 12:00:00', 'no', 'http://event180.example.com', 'español', 'CONV10', 25088, 'P193', 40146, '5', '8', 'Sala 12'),
(181, 'Inteligencia Artificial: Taller práctico #10', '2024-02-12 09:05:00', '2024-02-12 13:05:00', 'no', 'http://event181.example.com', 'español', 'CONV01', 29122, 'P193', 102648, '1', '10', 'Sala 1'),
(182, 'Economia: Taller práctico #10', '2024-03-15 10:10:00', '2024-03-15 16:10:00', 'no', 'http://event182.example.com', 'español', 'CONV02', 43119, 'P193', 116091, '2', '7', 'Sala 2'),
(183, 'Estadistica y empresa: Taller práctico #10', '2024-04-18 11:15:00', '2024-04-20 16:15:00', 'no', 'http://event183.example.com', 'español', NULL, 0, 'P055', 35054, '3', '13', 'Sala 3'),
(184, 'Informatica: Taller práctico #10', '2024-05-21 12:20:00', '2024-05-21 18:20:00', 'si', 'http://event184.example.com', 'español', 'CONV04', 47052, 'P055', 87551, '4', '8', 'Sala 4'),
(185, 'Derecho: Taller práctico #10', '2024-06-24 13:25:00', '2024-06-24 17:25:00', 'no', 'http://event185.example.com', 'español', NULL, 0, 'P055', 23777, '5', '4', 'Sala 5'),
(186, 'ADE: Taller práctico #10', '2024-07-27 14:30:00', '2024-07-27 17:30:00', 'no', 'http://event186.example.com', 'español', NULL, 0, 'P055', 52531, '1', '12', 'Sala 6'),
(187, 'Marketing: Taller práctico #10', '2024-08-02 15:35:00', '2024-08-02 17:35:00', 'si', 'http://event187.example.com', 'inglés', NULL, 0, 'P014', 4018, '2', '13', 'Sala 7'),
(188, 'Matematicas: Taller práctico #10', '2024-09-05 16:40:00', '2024-09-07 21:40:00', 'si', 'http://event188.example.com', 'inglés', NULL, 0, 'P014', 55028, '3', '8', 'Sala 8'),
(189, 'Periodismo: Taller práctico #10', '2024-10-08 17:45:00', '2024-10-09 13:45:00', 'no', 'http://event189.example.com', 'inglés', NULL, 0, 'P014', 48503, '4', '11', 'Sala 9'),
(190, 'Artes: Taller práctico #10', '2024-11-11 18:50:00', '2024-11-11 22:50:00', 'no', 'http://event190.example.com', 'español', NULL, 0, 'P014', 74395, '5', '2', 'Sala 10'),
(191, 'Ciencia de datos: Taller práctico #10', '2024-12-14 19:55:00', '2024-12-15 01:55:00', 'si', 'http://event191.example.com', 'español', 'CONV01', 4447, 'P051', 24839, '1', '13', 'Sala 11'),
(192, 'Educación: Taller práctico #10', '2024-01-17 08:00:00', '2024-01-17 11:00:00', 'no', 'http://event192.example.com', 'español', 'CONV02', 4261, 'P051', 14954, '2', '8', 'Sala 12'),
(193, 'Deporte: Taller práctico #10', '2024-02-20 09:05:00', '2024-02-23 13:05:00', 'no', 'http://event193.example.com', 'español', 'CONV03', 32828, 'P051', 112398, '3', '5', 'Sala 1'),
(194, 'Medicina: Taller práctico #10', '2024-03-23 10:10:00', '2024-03-24 06:10:00', 'no', 'http://event194.example.com', 'español', NULL, 0, 'P013', 28255, '4', '7', 'Sala 2'),
(195, 'Robótica: Taller práctico #10', '2024-04-26 11:15:00', '2024-04-26 17:15:00', 'si', 'http://event195.example.com', 'español', 'CONV05', 29174, 'P013', 43708, '5', '13', 'Sala 3'),
(196, 'Emprendimiento: Taller práctico #10', '2024-05-01 12:20:00', '2024-05-01 16:20:00', 'no', 'http://event196.example.com', 'español', 'CONV06', 39871, 'P013', 103654, '1', '8', 'Sala 4'),
(197, 'Literatura: Taller práctico #10', '2024-06-04 13:25:00', '2024-06-04 19:25:00', 'no', 'http://event197.example.com', 'inglés', 'CONV07', 3976, 'P013', 32879, '2', '1', 'Sala 5'),
(198, 'Producción sonora: Taller práctico #10', '2024-07-07 14:30:00', '2024-07-10 19:30:00', 'si', 'http://event198.example.com', 'inglés', 'CONV08', 14397, 'P020', 53904, '3', '12', 'Sala 6'),
(199, 'Diseño gráfico: Taller práctico #10', '2024-08-10 15:35:00', '2024-08-11 03:35:00', 'no', 'http://event199.example.com', 'inglés', NULL, 0, 'P020', 33491, '4', '13', 'Sala 7'),
(200, 'Las rutas turísticas: El patrimonio monumental en la gestión de itinerarios culturales', '2024-09-13 16:40:00', '2024-09-13 20:40:00', 'no', 'http://event200.example.com', 'español', 'CONV10', 1506, 'P112', 66699, '5', '8', 'Sala 8'),
(201, 'Inteligencia Artificial: Taller práctico #11', '2024-10-16 17:45:00', '2024-10-16 22:45:00', 'si', 'http://event201.example.com', 'español', NULL, 0, 'P112', 49834, '1', '9', 'Sala 9'),
(202, 'Economia: Taller práctico #11', '2024-11-19 18:50:00', '2024-11-20 00:50:00', 'no', 'http://event202.example.com', 'español', NULL, 0, 'P112', 65570, '2', '2', 'Sala 10'),
(203, 'Estadistica y empresa: Taller práctico #11', '2024-12-22 19:55:00', '2024-12-25 20:55:00', 'no', 'http://event203.example.com', 'español', NULL, 0, 'P083', 5544, '3', '13', 'Sala 11'),
(204, 'Informatica: Taller práctico #11', '2024-01-25 08:00:00', '2024-01-26 03:00:00', 'si', 'http://event204.example.com', 'español', NULL, 0, 'P083', 10205, '4', '8', 'Sala 12'),
(205, 'Derecho: Taller práctico #11', '2024-02-28 09:05:00', '2024-02-28 13:05:00', 'no', 'http://event205.example.com', 'español', 'CONV05', 38578, 'P098', 91586, '5', '3', 'Sala 1'),
(206, 'ADE: Taller práctico #11', '2024-03-03 10:10:00', '2024-03-03 15:10:00', 'si', 'http://event206.example.com', 'español', 'CONV06', 27544, 'P098', 30277, '1', '7', 'Sala 2'),
(207, 'Marketing: Taller práctico #11', '2024-04-06 11:15:00', '2024-04-06 15:15:00', 'si', 'http://event207.example.com', 'inglés', 'CONV07', 41509, 'P098', 101814, '2', '13', 'Sala 3'),
(208, 'Matematicas: Taller práctico #11', '2024-05-09 12:20:00', '2024-05-12 13:20:00', 'no', 'http://event208.example.com', 'inglés', NULL, 0, 'P098', 13875, '3', '8', 'Sala 4'),
(209, 'Periodismo: Taller práctico #11', '2024-06-12 13:25:00', '2024-06-13 02:25:00', 'no', 'http://event209.example.com', 'inglés', 'CONV09', 27243, 'P114', 95919, '4', '10', 'Sala 5'),
(210, 'Artes: Taller práctico #11', '2024-07-15 14:30:00', '2024-07-15 16:30:00', 'no', 'http://event210.example.com', 'español', 'CONV10', 21334, 'P114', 65834, '5', '12', 'Sala 6'),
(211, 'Ciencia de datos: Taller práctico #11', '2024-08-18 15:35:00', '2024-08-18 18:35:00', 'no', 'http://event211.example.com', 'español', 'CONV01', 12018, 'P114', 22029, '1', '13', 'Sala 7'),
(212, 'Educación: Taller práctico #11', '2024-09-21 16:40:00', '2024-09-21 22:40:00', 'no', 'http://event212.example.com', 'español', NULL, 0, 'P114', 69547, '2', '8', 'Sala 8'),
(213, 'Deporte: Taller práctico #11', '2024-10-24 17:45:00', '2024-10-26 20:45:00', 'no', 'http://event213.example.com', 'español', 'CONV03', 43299, 'P102', 62657, '3', '4', 'Sala 9'),
(214, 'Medicina: Taller práctico #11', '2024-11-27 18:50:00', '2024-11-28 07:50:00', 'si', 'http://event214.example.com', 'español', 'CONV04', 17775, 'P102', 43631, '4', '2', 'Sala 10'),
(215, 'Robótica: Taller práctico #11', '2024-12-02 19:55:00', '2024-12-02 22:55:00', 'no', 'http://event215.example.com', 'español', NULL, 0, 'P085', 9876, '5', '13', 'Sala 11'),
(216, 'Emprendimiento: Taller práctico #11', '2024-01-05 08:00:00', '2024-01-05 11:00:00', 'no', 'http://event216.example.com', 'español', 'CONV06', 42153, 'P085', 106917, '1', '8', 'Sala 12'),
(217, 'Literatura: Taller práctico #11', '2024-02-08 09:05:00', '2024-02-08 14:05:00', 'no', 'http://event217.example.com', 'inglés', 'CONV07', 38976, 'P085', 97814, '2', '11', 'Sala 1'),
(218, 'Producción sonora: Taller práctico #11', '2024-03-11 10:10:00', '2024-03-14 13:10:00', 'si', 'http://event218.example.com', 'inglés', 'CONV08', 5475, 'P113', 66937, '3', '7', 'Sala 2'),
(219, 'Diseño gráfico: Taller práctico #11', '2024-04-14 11:15:00', '2024-04-15 07:15:00', 'no', 'http://event219.example.com', 'inglés', 'CONV09', 19001, 'P113', 96519, '4', '13', 'Sala 3'),
(220, 'Turismo internacional: Taller práctico #11', '2024-05-17 12:20:00', '2024-05-17 14:20:00', 'no', 'http://event220.example.com', 'español', 'CONV10', 5862, 'P113', 46547, '5', '8', 'Sala 4'),
(221, 'Inteligencia Artificial: Taller práctico #12', '2024-06-20 13:25:00', '2024-06-20 18:25:00', 'no', 'http://event221.example.com', 'español', 'CONV01', 4728, 'P113', 53059, '1', '5', 'Sala 5'),
(222, 'Economía internacional y política económica - 222', '2024-07-23 14:30:00', '2024-07-23 18:30:00', 'si', 'http://event222.example.com', 'español', NULL, 0, 'P129', 11835, '2', '12', 'Sala 6'),
(223, 'Estadistica y empresa: Taller práctico #12', '2024-08-26 15:35:00', '2024-08-29 19:35:00', 'no', 'http://event223.example.com', 'español', 'CONV03', 49425, 'P129', 54801, '3', '13', 'Sala 7'),
(224, 'Informatica: Taller práctico #12', '2024-09-01 16:40:00', '2024-09-02 12:40:00', 'no', 'http://event224.example.com', 'español', NULL, 0, 'P129', 74928, '4', '8', 'Sala 8'),
(225, 'Derecho: Taller práctico #12', '2024-10-04 17:45:00', '2024-10-04 20:45:00', 'no', 'http://event225.example.com', 'español', 'CONV05', 32170, 'P129', 97885, '5', '1', 'Sala 9'),
(226, 'ADE: Taller práctico #12', '2024-11-07 18:50:00', '2024-11-07 21:50:00', 'no', 'http://event226.example.com', 'español', NULL, 0, 'P159', 59050, '1', '2', 'Sala 10'),
(227, 'Marketing: Taller práctico #12', '2024-12-10 19:55:00', '2024-12-10 21:55:00', 'no', 'http://event227.example.com', 'inglés', 'CONV07', 23507, 'P159', 34560, '2', '13', 'Sala 11'),
(228, 'Matematicas: Taller práctico #12', '2024-01-13 08:00:00', '2024-01-15 09:00:00', 'si', 'http://event228.example.com', 'inglés', 'CONV08', 29688, 'P159', 87283, '3', '8', 'Sala 12'),
(229, 'Periodismo: Taller práctico #12', '2024-02-16 09:05:00', '2024-02-17 07:05:00', 'no', 'http://event229.example.com', 'inglés', NULL, 0, 'P159', 20807, '4', '9', 'Sala 1'),
(230, 'Artes: Taller práctico #12', '2024-03-19 10:10:00', '2024-03-19 14:10:00', 'no', 'http://event230.example.com', 'español', 'CONV10', 19539, 'P066', 70318, '5', '7', 'Sala 2'),
(231, 'Ciencia de datos: Taller práctico #12', '2024-04-22 11:15:00', '2024-04-22 16:15:00', 'no', 'http://event231.example.com', 'español', NULL, 0, 'P066', 78366, '1', '13', 'Sala 3'),
(232, 'Educación: Taller práctico #12', '2024-05-25 12:20:00', '2024-05-25 14:20:00', 'no', 'http://event232.example.com', 'español', 'CONV02', 43421, 'P095', 87284, '2', '8', 'Sala 4'),
(233, 'Deporte: Taller práctico #12', '2024-06-28 13:25:00', '2024-06-30 16:25:00', 'si', 'http://event233.example.com', 'español', 'CONV03', 45458, 'P095', 96125, '3', '3', 'Sala 5'),
(234, 'Medicina: Taller práctico #12', '2024-07-03 14:30:00', '2024-07-04 05:30:00', 'si', 'http://event234.example.com', 'español', NULL, 0, 'P132', 78997, '4', '12', 'Sala 6'),
(235, 'Robótica: Taller práctico #12', '2024-08-06 15:35:00', '2024-08-06 18:35:00', 'no', 'http://event235.example.com', 'español', NULL, 0, 'P132', 76380, '5', '13', 'Sala 7'),
(236, 'Emprendimiento: Taller práctico #12', '2024-09-09 16:40:00', '2024-09-09 19:40:00', 'no', 'http://event236.example.com', 'español', 'CONV06', 21331, 'P132', 72705, '1', '8', 'Sala 8'),
(237, 'Literatura: Taller práctico #12', '2024-10-12 17:45:00', '2024-10-12 20:45:00', 'no', 'http://event237.example.com', 'inglés', 'CONV07', 6552, 'P132', 47129, '2', '10', 'Sala 9'),
(238, 'Producción sonora: Taller práctico #12', '2024-11-15 18:50:00', '2024-11-18 21:50:00', 'no', 'http://event238.example.com', 'inglés', NULL, 0, 'P012', 68995, '3', '2', 'Sala 10'),
(239, 'Diseño gráfico: Taller práctico #12', '2024-12-18 19:55:00', '2024-12-19 03:55:00', 'no', 'http://event239.example.com', 'inglés', NULL, 0, 'P012', 55496, '4', '13', 'Sala 11'),
(240, 'Turismo internacional: Taller práctico #12', '2024-01-21 08:00:00', '2024-01-21 14:00:00', 'no', 'http://event240.example.com', 'español', 'CONV10', 24763, 'P012', 65246, '5', '8', 'Sala 12'),
(241, 'Inteligencia Artificial: Taller práctico #13', '2024-02-24 09:05:00', '2024-02-24 12:05:00', 'no', 'http://event241.example.com', 'español', NULL, 0, 'P056', 44791, '1', '4', 'Sala 1'),
(242, 'Economia: Taller práctico #13', '2024-03-27 10:10:00', '2024-03-27 15:10:00', 'si', 'http://event242.example.com', 'español', 'CONV02', 10015, 'P056', 30323, '2', '7', 'Sala 2'),
(243, 'Estadistica y empresa: Taller práctico #13', '2024-04-02 11:15:00', '2024-04-04 14:15:00', 'no', 'http://event243.example.com', 'español', 'CONV03', 7628, 'P117', 74171, '3', '13', 'Sala 3'),
(244, 'Informatica: Taller práctico #13', '2024-05-05 12:20:00', '2024-05-06 11:20:00', 'no', 'http://event244.example.com', 'español', 'CONV04', 35506, 'P117', 40453, '4', '8', 'Sala 4'),
(245, 'Derecho: Taller práctico #13', '2024-06-08 13:25:00', '2024-06-08 17:25:00', 'no', 'http://event245.example.com', 'español', 'CONV05', 41503, 'P117', 58679, '5', '11', 'Sala 5'),
(246, 'ADE: Taller práctico #13', '2024-07-11 14:30:00', '2024-07-11 20:30:00', 'no', 'http://event246.example.com', 'español', 'CONV06', 11633, 'P070', 35336, '1', '12', 'Sala 6'),
(247, 'Marketing: Taller práctico #13', '2024-08-14 15:35:00', '2024-08-14 21:35:00', 'no', 'http://event247.example.com', 'inglés', 'CONV07', 11848, 'P070', 69214, '2', '13', 'Sala 7'),
(248, 'Matematicas: Taller práctico #13', '2024-09-17 16:40:00', '2024-09-19 20:40:00', 'no', 'http://event248.example.com', 'inglés', NULL, 0, 'P072', 31133, '3', '8', 'Sala 8'),
(249, 'Periodismo: Taller práctico #13', '2024-10-20 17:45:00', '2024-10-21 13:45:00', 'no', 'http://event249.example.com', 'inglés', 'CONV09', 30420, 'P072', 61091, '4', '5', 'Sala 9'),
(250, 'Artes: Taller práctico #13', '2024-11-23 18:50:00', '2024-11-24 00:50:00', 'si', 'http://event250.example.com', 'español', 'CONV10', 31737, 'P047', 57167, '5', '2', 'Sala 10'),
(251, 'Ciencia de datos: Taller práctico #13', '2024-12-26 19:55:00', '2024-12-26 23:55:00', 'no', 'http://event251.example.com', 'español', 'CONV01', 38383, 'P047', 96132, '1', '13', 'Sala 11'),
(252, 'Educación: Taller práctico #13', '2024-01-01 08:00:00', '2024-01-01 13:00:00', 'no', 'http://event252.example.com', 'español', 'CONV02', 26026, 'P047', 91942, '2', '8', 'Sala 12'),
(253, 'Deporte: Taller práctico #13', '2024-02-04 09:05:00', '2024-02-07 11:05:00', 'no', 'http://event253.example.com', 'español', NULL, 0, 'P078', 79254, '3', '1', 'Sala 1'),
(254, 'Medicina: Taller práctico #13', '2024-03-07 10:10:00', '2024-03-07 20:10:00', 'no', 'http://event254.example.com', 'español', NULL, 0, 'P078', 6839, '4', '7', 'Sala 2'),
(255, 'Robótica: Taller práctico #13', '2024-04-10 11:15:00', '2024-04-10 16:15:00', 'no', 'http://event255.example.com', 'español', NULL, 0, 'P078', 72684, '5', '13', 'Sala 3'),
(256, 'Emprendimiento: Taller práctico #13', '2024-05-13 12:20:00', '2024-05-13 14:20:00', 'no', 'http://event256.example.com', 'español', NULL, 0, 'P077', 67621, '1', '8', 'Sala 4'),
(257, 'Literatura: Taller práctico #13', '2024-06-16 13:25:00', '2024-06-16 15:25:00', 'si', 'http://event257.example.com', 'inglés', 'CONV07', 11506, 'P077', 47261, '2', '9', 'Sala 5'),
(258, 'Producción sonora: Taller práctico #13', '2024-07-19 14:30:00', '2024-07-22 19:30:00', 'si', 'http://event258.example.com', 'inglés', 'CONV08', 29670, 'P077', 41691, '3', '12', 'Sala 6'),
(259, 'Diseño gráfico: Taller práctico #13', '2024-08-22 15:35:00', '2024-08-23 04:35:00', 'no', 'http://event259.example.com', 'inglés', NULL, 0, 'P028', 45820, '4', '13', 'Sala 7'),
(260, 'Turismo internacional: Taller práctico #13', '2024-09-25 16:40:00', '2024-09-25 18:40:00', 'no', 'http://event260.example.com', 'español', NULL, 0, 'P028', 51964, '5', '8', 'Sala 8'),
(261, 'Inteligencia Artificial: Taller práctico #14', '2024-10-28 17:45:00', '2024-10-28 23:45:00', 'no', 'http://event261.example.com', 'español', 'CONV01', 26307, 'P087', 37003, '1', '3', 'Sala 9'),
(262, 'Taller de debates, política internacional', '2024-11-03 18:50:00', '2024-11-03 22:50:00', 'si', 'http://event262.example.com', 'español', NULL, 0, 'P087', 41770, '2', '2', 'Sala 10'),
(263, 'Estadistica y empresa: Taller práctico #14', '2024-12-06 19:55:00', '2024-12-08 22:55:00', 'no', 'http://event263.example.com', 'español', NULL, 0, 'P087', 18035, '3', '13', 'Sala 11'),
(264, 'Informatica: Taller práctico #14', '2024-01-09 08:00:00', '2024-01-09 15:00:00', 'si', 'http://event264.example.com', 'español', 'CONV04', 31962, 'P050', 50153, '4', '8', 'Sala 12'),
(265, 'Derecho: Taller práctico #14', '2024-02-12 09:05:00', '2024-02-12 14:05:00', 'no', 'http://event265.example.com', 'español', 'CONV05', 1344, 'P050', 11728, '5', '10', 'Sala 1'),
(266, 'ADE: Taller práctico #14', '2024-03-15 10:10:00', '2024-03-15 12:10:00', 'si', 'http://event266.example.com', 'español', NULL, 0, 'P050', 19597, '1', '7', 'Sala 2'),
(267, 'Marketing: Taller práctico #14', '2024-04-18 11:15:00', '2024-04-18 17:15:00', 'no', 'http://event267.example.com', 'inglés', NULL, 0, 'P151', 79807, '2', '13', 'Sala 3'),
(268, 'Matematicas: Taller práctico #14', '2024-05-21 12:20:00', '2024-05-24 13:20:00', 'no', 'http://event268.example.com', 'inglés', NULL, 0, 'P151', 31147, '3', '8', 'Sala 4'),
(269, 'Periodismo: Taller práctico #14', '2024-06-24 13:25:00', '2024-06-25 04:25:00', 'si', 'http://event269.example.com', 'inglés', NULL, 0, 'P151', 31252, '4', '4', 'Sala 5'),
(270, 'Artes: Taller práctico #14', '2024-07-27 14:30:00', '2024-07-27 19:30:00', 'no', 'http://event270.example.com', 'español', 'CONV10', 41816, 'P031', 101730, '5', '12', 'Sala 6'),
(271, 'Ciencia de datos: Taller práctico #14', '2024-08-02 15:35:00', '2024-08-02 17:35:00', 'si', 'http://event271.example.com', 'español', NULL, 0, 'P031', 65513, '1', '13', 'Sala 7'),
(272, 'Educación: Taller práctico #14', '2024-09-05 16:40:00', '2024-09-05 22:40:00', 'no', 'http://event272.example.com', 'español', NULL, 0, 'P031', 67551, '2', '8', 'Sala 8'),
(273, 'Deporte: Taller práctico #14', '2024-10-08 17:45:00', '2024-10-10 19:45:00', 'si', 'http://event273.example.com', 'español', NULL, 0, 'P011', 205, '3', '11', 'Sala 9'),
(274, 'Medicina: Taller práctico #14', '2024-11-11 18:50:00', '2024-11-12 11:50:00', 'si', 'http://event274.example.com', 'español', NULL, 0, 'P011', 54600, '4', '2', 'Sala 10'),
(275, 'Robótica: Taller práctico #14', '2024-12-14 19:55:00', '2024-12-14 22:55:00', 'no', 'http://event275.example.com', 'español', 'CONV05', 6610, 'P011', 75224, '5', '13', 'Sala 11'),
(276, 'Emprendimiento: Taller práctico #14', '2024-01-17 08:00:00', '2024-01-17 12:00:00', 'si', 'http://event276.example.com', 'español', 'CONV06', 35475, 'P029', 106788, '1', '8', 'Sala 12'),
(277, 'Literatura: Taller práctico #14', '2024-02-20 09:05:00', '2024-02-20 15:05:00', 'no', 'http://event277.example.com', 'inglés', 'CONV07', 34267, 'P029', 106900, '2', '5', 'Sala 1'),
(278, 'Producción sonora: Taller práctico #14', '2024-03-23 10:10:00', '2024-03-25 14:10:00', 'no', 'http://event278.example.com', 'inglés', 'CONV08', 3853, 'P029', 54562, '3', '7', 'Sala 2'),
(279, 'Diseño gráfico: Taller práctico #14', '2024-04-26 11:15:00', '2024-04-27 04:15:00', 'si', 'http://event279.example.com', 'inglés', 'CONV09', 2064, 'P061', 48869, '4', '13', 'Sala 3'),
(280, 'Turismo internacional: Taller práctico #14', '2024-05-01 12:20:00', '2024-05-01 14:20:00', 'no', 'http://event280.example.com', 'español', NULL, 0, 'P061', 13587, '5', '8', 'Sala 4'),
(281, 'Inteligencia Artificial: Taller práctico #15', '2024-06-04 13:25:00', '2024-06-04 19:25:00', 'no', 'http://event281.example.com', 'español', 'CONV01', 22791, 'P061', 40277, '1', '1', 'Sala 5'),
(282, 'Economia: Taller práctico #15', '2024-07-07 14:30:00', '2024-07-07 16:30:00', 'no', 'http://event282.example.com', 'español', 'CONV02', 23187, 'P108', 46136, '2', '12', 'Sala 6'),
(283, 'Estadistica y empresa: Taller práctico #15', '2024-08-10 15:35:00', '2024-08-13 19:35:00', 'no', 'http://event283.example.com', 'español', 'CONV03', 9837, 'P108', 18107, '3', '13', 'Sala 7'),
(284, 'Informatica: Taller práctico #15', '2024-09-13 16:40:00', '2024-09-14 12:40:00', 'si', 'http://event284.example.com', 'español', 'CONV04', 14211, 'P190', 19952, '4', '8', 'Sala 8'),
(285, 'Derecho: Taller práctico #15', '2024-10-16 17:45:00', '2024-10-16 20:45:00', 'no', 'http://event285.example.com', 'español', 'CONV05', 21682, 'P190', 62324, '5', '9', 'Sala 9'),
(286, 'ADE: Taller práctico #15', '2024-11-19 18:50:00', '2024-11-20 00:50:00', 'no', 'http://event286.example.com', 'español', 'CONV06', 36588, 'P190', 98637, '1', '2', 'Sala 10'),
(287, 'Marketing: Taller práctico #15', '2024-12-22 19:55:00', '2024-12-22 23:55:00', 'si', 'http://event287.example.com', 'inglés', NULL, 0, 'P196', 25048, '2', '13', 'Sala 11'),
(288, 'Matematicas: Taller práctico #15', '2024-01-25 08:00:00', '2024-01-28 11:00:00', 'no', 'http://event288.example.com', 'inglés', NULL, 0, 'P196', 6265, '3', '8', 'Sala 12'),
(289, 'Periodismo: Taller práctico #15', '2024-02-28 09:05:00', '2024-02-29 01:05:00', 'si', 'http://event289.example.com', 'inglés', NULL, 0, 'P140', 48237, '4', '3', 'Sala 1'),
(290, 'Artes: Taller práctico #15', '2024-03-03 10:10:00', '2024-03-03 15:10:00', 'no', 'http://event290.example.com', 'español', NULL, 0, 'P140', 57637, '5', '7', 'Sala 2'),
(291, 'Ciencia de datos: Taller práctico #15', '2024-04-06 11:15:00', '2024-04-06 16:15:00', 'no', 'http://event291.example.com', 'español', NULL, 0, 'P140', 24486, '1', '13', 'Sala 3'),
(292, 'Educación: Taller práctico #15', '2024-05-09 12:20:00', '2024-05-09 17:20:00', 'no', 'http://event292.example.com', 'español', NULL, 0, 'P140', 48148, '2', '8', 'Sala 4'),
(293, 'Deporte: Taller práctico #15', '2024-06-12 13:25:00', '2024-06-15 14:25:00', 'no', 'http://event293.example.com', 'español', 'CONV03', 6172, 'P194', 62612, '3', '10', 'Sala 5'),
(294, 'Medicina: Taller práctico #15', '2024-07-15 14:30:00', '2024-07-16 01:30:00', 'no', 'http://event294.example.com', 'español', NULL, 0, 'P194', 42101, '4', '12', 'Sala 6'),
(295, 'Robótica: Taller práctico #15', '2024-08-18 15:35:00', '2024-08-18 17:35:00', 'si', 'http://event295.example.com', 'español', 'CONV05', 44314, 'P194', 83064, '5', '13', 'Sala 7'),
(296, 'Emprendimiento: Taller práctico #15', '2024-09-21 16:40:00', '2024-09-21 20:40:00', 'no', 'http://event296.example.com', 'español', 'CONV06', 48032, 'P194', 103883, '1', '8', 'Sala 8'),
(297, 'Literatura: Taller práctico #15', '2024-10-24 17:45:00', '2024-10-24 20:45:00', 'no', 'http://event297.example.com', 'inglés', NULL, 0, 'P053', 46077, '2', '4', 'Sala 9'),
(298, 'Producción sonora: Taller práctico #15', '2024-11-27 18:50:00', '2024-11-30 19:50:00', 'no', 'http://event298.example.com', 'inglés', 'CONV08', 24105, 'P053', 81113, '3', '2', 'Sala 10'),
(299, 'Diseño gráfico: Taller práctico #15', '2024-12-02 19:55:00', '2024-12-03 09:55:00', 'no', 'http://event299.example.com', 'inglés', 'CONV09', 4759, 'P172', 14594, '4', '13', 'Sala 11'),
(300, 'Turismo internacional: Taller práctico #15', '2024-01-05 08:00:00', '2024-01-05 13:00:00', 'no', 'http://event300.example.com', 'español', NULL, 0, 'P172', 20969, '5', '8', 'Sala 12'),
(301, 'Inteligencia Artificial: Taller práctico #16', '2024-02-08 09:05:00', '2024-02-08 11:05:00', 'si', 'http://event301.example.com', 'español', 'CONV01', 40817, 'P172', 98249, '1', '11', 'Sala 1'),
(302, 'Economia: Taller práctico #16', '2024-03-11 10:10:00', '2024-03-11 12:10:00', 'si', 'http://event302.example.com', 'español', 'CONV02', 16466, 'P075', 64481, '2', '7', 'Sala 2'),
(303, 'Estadistica y empresa: Taller práctico #16', '2024-04-14 11:15:00', '2024-04-17 15:15:00', 'no', 'http://event303.example.com', 'español', NULL, 0, 'P075', 4244, '3', '13', 'Sala 3'),
(304, 'Informatica: Taller práctico #16', '2024-05-17 12:20:00', '2024-05-17 22:20:00', 'no', 'http://event304.example.com', 'español', 'CONV04', 25311, 'P044', 74071, '4', '8', 'Sala 4'),
(305, 'Derecho: Taller práctico #16', '2024-06-20 13:25:00', '2024-06-20 18:25:00', 'no', 'http://event305.example.com', 'español', 'CONV05', 38612, 'P044', 56659, '5', '5', 'Sala 5'),
(306, 'ADE: Taller práctico #16', '2024-07-23 14:30:00', '2024-07-23 20:30:00', 'no', 'http://event306.example.com', 'español', 'CONV06', 21603, 'P044', 58131, '1', '12', 'Sala 6'),
(307, 'Marketing: Taller práctico #16', '2025-08-26 15:35:00', '2025-08-26 18:35:00', 'no', 'http://event307.example.com', 'inglés', 'CONV07', 2698, 'P044', 27083, '2', '13', 'Sala 7'),
(308, 'Matematicas: Taller práctico #16', '2025-09-01 16:40:00', '2025-09-04 21:40:00', 'no', 'http://event308.example.com', 'inglés', 'CONV08', 37809, 'P201', 53244, '3', '8', 'Sala 8'),
(309, 'Periodismo: Taller práctico #16', '2025-10-04 17:45:00', '2025-10-05 07:45:00', 'no', 'http://event309.example.com', 'inglés', 'CONV09', 47139, 'P201', 105632, '4', '1', 'Sala 9'),
(310, 'Artes: Taller práctico #16', '2025-11-07 18:50:00', '2025-11-07 21:50:00', 'no', 'http://event310.example.com', 'español', 'CONV10', 19715, 'P015', 84097, '5', '2', 'Sala 10'),
(311, 'Ciencia de datos: Taller práctico #16', '2025-12-10 19:55:00', '2025-12-10 22:55:00', 'si', 'http://event311.example.com', 'español', 'CONV01', 5853, 'P015', 65103, '1', '13', 'Sala 11'),
(312, 'Educación: Taller práctico #16', '2025-01-13 08:00:00', '2025-01-13 11:00:00', 'no', 'http://event312.example.com', 'español', 'CONV02', 30170, 'P015', 41676, '2', '8', 'Sala 12'),
(313, 'Deporte: Taller práctico #16', '2025-02-16 09:05:00', '2025-02-19 12:05:00', 'no', 'http://event313.example.com', 'español', NULL, 0, 'P015', 72089, '3', '9', 'Sala 1'),
(314, 'Medicina: Taller práctico #16', '2025-03-19 10:10:00', '2025-03-20 09:10:00', 'si', 'http://event314.example.com', 'español', NULL, 0, 'P178', 39315, '4', '7', 'Sala 2'),
(315, 'Robótica: Taller práctico #16', '2025-04-22 11:15:00', '2025-04-22 14:15:00', 'no', 'http://event315.example.com', 'español', 'CONV05', 46889, 'P178', 69707, '5', '13', 'Sala 3'),
(316, 'Emprendimiento: Taller práctico #16', '2025-05-25 12:20:00', '2025-05-25 16:20:00', 'no', 'http://event316.example.com', 'español', 'CONV06', 8953, 'P069', 35295, '1', '8', 'Sala 4'),
(317, 'Literatura: Taller práctico #16', '2025-06-28 13:25:00', '2025-06-28 16:25:00', 'si', 'http://event317.example.com', 'inglés', 'CONV07', 33376, 'P069', 36821, '2', '3', 'Sala 5'),
(318, 'Producción sonora: Taller práctico #16', '2025-07-03 14:30:00', '2025-07-06 19:30:00', 'no', 'http://event318.example.com', 'inglés', NULL, 0, 'P026', 61263, '3', '12', 'Sala 6'),
(319, 'Diseño gráfico: Taller práctico #16', '2025-08-06 15:35:00', '2025-08-07 14:35:00', 'si', 'http://event319.example.com', 'inglés', 'CONV09', 6650, 'P026', 15267, '4', '13', 'Sala 7'),
(320, 'Turismo internacional: Taller práctico #16', '2025-09-09 16:40:00', '2025-09-09 20:40:00', 'no', 'http://event320.example.com', 'español', NULL, 0, 'P130', 62739, '5', '8', 'Sala 8'),
(321, 'Inteligencia Artificial: Taller práctico #17', '2025-10-12 17:45:00', '2025-10-12 23:45:00', 'no', 'http://event321.example.com', 'español', NULL, 0, 'P130', 53665, '1', '10', 'Sala 9'),
(322, 'Economia: Taller práctico #17', '2025-11-15 18:50:00', '2025-11-16 00:50:00', 'si', 'http://event322.example.com', 'español', 'CONV02', 21776, 'P167', 31496, '2', '2', 'Sala 10'),
(323, 'Estadistica y empresa: Taller práctico #17', '2025-12-18 19:55:00', '2025-12-21 23:55:00', 'no', 'http://event323.example.com', 'español', 'CONV03', 23578, 'P167', 40399, '3', '13', 'Sala 11'),
(324, 'Informatica: Taller práctico #17', '2025-01-21 08:00:00', '2025-01-22 07:00:00', 'no', 'http://event324.example.com', 'español', 'CONV04', 12925, 'P045', 29837, '4', '8', 'Sala 12'),
(325, 'Derecho: Taller práctico #17', '2025-02-24 09:05:00', '2025-02-24 14:05:00', 'no', 'http://event325.example.com', 'español', 'CONV05', 4631, 'P045', 20905, '5', '4', 'Sala 1'),
(326, 'ADE: Taller práctico #17', '2025-03-27 10:10:00', '2025-03-27 16:10:00', 'si', 'http://event326.example.com', 'español', 'CONV06', 11790, 'P045', 33019, '1', '7', 'Sala 2'),
(327, 'Marketing: Taller práctico #17', '2025-04-02 11:15:00', '2025-04-02 15:15:00', 'no', 'http://event327.example.com', 'inglés', 'CONV07', 15776, 'P045', 61129, '2', '13', 'Sala 3'),
(328, 'Matematicas: Taller práctico #17', '2025-05-05 12:20:00', '2025-05-08 13:20:00', 'si', 'http://event328.example.com', 'inglés', NULL, 0, 'P039', 72199, '3', '8', 'Sala 4'),
(329, 'Periodismo: Taller práctico #17', '2025-06-08 13:25:00', '2025-06-09 03:25:00', 'si', 'http://event329.example.com', 'inglés', NULL, 0, 'P039', 39691, '4', '11', 'Sala 5'),
(330, 'Artes: Taller práctico #17', '2025-07-11 14:30:00', '2025-07-11 20:30:00', 'no', 'http://event330.example.com', 'español', 'CONV10', 33936, 'P062', 56039, '5', '12', 'Sala 6'),
(331, 'Ciencia de datos: Taller práctico #17', '2025-08-14 15:35:00', '2025-08-14 21:35:00', 'no', 'http://event331.example.com', 'español', NULL, 0, 'P062', 20210, '1', '13', 'Sala 7'),
(332, 'Educación: Taller práctico #17', '2025-09-17 16:40:00', '2025-09-17 19:40:00', 'no', 'http://event332.example.com', 'español', 'CONV02', 48227, 'P153', 127543, '2', '8', 'Sala 8'),
(333, 'Deporte: Taller práctico #17', '2025-10-20 17:45:00', '2025-10-23 22:45:00', 'si', 'http://event333.example.com', 'español', 'CONV03', 2859, 'P153', 13505, '3', '5', 'Sala 9'),
(334, 'Política internacional sobre medicina moderna', '2025-11-23 18:50:00', '2025-11-24 01:50:00', 'no', 'http://event334.example.com', 'español', 'CONV04', 38799, 'P145', 73487, '4', '2', 'Sala 10'),
(335, 'Robótica: Taller práctico #17', '2025-12-26 19:55:00', '2025-12-26 22:55:00', 'no', 'http://event335.example.com', 'español', 'CONV05', 28301, 'P145', 32270, '5', '13', 'Sala 11'),
(336, 'Emprendimiento: Taller práctico #17', '2025-01-01 08:00:00', '2025-01-01 13:00:00', 'no', 'http://event336.example.com', 'español', 'CONV06', 36754, 'P145', 74721, '1', '8', 'Sala 12'),
(337, 'Literatura: Taller práctico #17', '2025-02-04 09:05:00', '2025-02-04 13:05:00', 'no', 'http://event337.example.com', 'inglés', NULL, 0, 'P173', 53227, '2', '1', 'Sala 1'),
(338, 'Producción sonora: Taller práctico #17', '2025-03-07 10:10:00', '2025-03-10 14:10:00', 'si', 'http://event338.example.com', 'inglés', 'CONV08', 4926, 'P173', 25645, '3', '7', 'Sala 2'),
(339, 'Diseño gráfico: Taller práctico #17', '2025-04-10 11:15:00', '2025-04-11 07:15:00', 'no', 'http://event339.example.com', 'inglés', NULL, 0, 'P173', 60875, '4', '13', 'Sala 3'),
(340, 'Turismo internacional: Taller práctico #17', '2025-05-13 12:20:00', '2025-05-13 15:20:00', 'no', 'http://event340.example.com', 'español', 'CONV10', 10415, 'P173', 51385, '5', '8', 'Sala 4'),
(341, 'Inteligencia Artificial: Taller práctico #18', '2025-06-16 13:25:00', '2025-06-16 17:25:00', 'no', 'http://event341.example.com', 'español', NULL, 0, 'P188', 45268, '1', '9', 'Sala 5'),
(342, 'Economia: Taller práctico #18', '2025-07-19 14:30:00', '2025-07-19 19:30:00', 'si', 'http://event342.example.com', 'español', 'CONV02', 25283, 'P188', 92782, '2', '12', 'Sala 6'),
(343, 'Estadistica y empresa: Taller práctico #18', '2025-08-22 15:35:00', '2025-08-24 18:35:00', 'si', 'http://event343.example.com', 'español', 'CONV03', 9029, 'P030', 44087, '3', '13', 'Sala 7'),
(344, 'Informatica: Taller práctico #18', '2025-09-25 16:40:00', '2025-09-26 12:40:00', 'si', 'http://event344.example.com', 'español', 'CONV04', 7344, 'P030', 13976, '4', '8', 'Sala 8'),
(345, 'Derecho: Taller práctico #18', '2025-10-28 17:45:00', '2025-10-28 21:45:00', 'no', 'http://event345.example.com', 'español', NULL, 0, 'P030', 54805, '5', '3', 'Sala 9'),
(346, 'ADE: Taller práctico #18', '2025-11-03 18:50:00', '2025-11-03 21:50:00', 'no', 'http://event346.example.com', 'español', NULL, 0, 'P030', 20932, '1', '2', 'Sala 10'),
(347, 'Marketing: Taller práctico #18', '2025-12-06 19:55:00', '2025-12-06 23:55:00', 'no', 'http://event347.example.com', 'inglés', NULL, 0, 'P071', 40988, '2', '13', 'Sala 11'),
(348, 'Matematicas: Taller práctico #18', '2025-01-09 08:00:00', '2025-01-11 10:00:00', 'no', 'http://event348.example.com', 'inglés', 'CONV08', 34733, 'P071', 95919, '3', '8', 'Sala 12'),
(349, 'Periodismo: Taller práctico #18', '2025-02-12 09:05:00', '2025-02-13 06:05:00', 'no', 'http://event349.example.com', 'inglés', NULL, 0, 'P001', 65191, '4', '10', 'Sala 1'),
(350, 'Artes: Taller práctico #18', '2025-03-15 10:10:00', '2025-03-15 12:10:00', 'si', 'http://event350.example.com', 'español', NULL, 0, 'P001', 51543, '5', '7', 'Sala 2'),
(351, 'Ciencia de datos: Taller práctico #18', '2025-04-18 11:15:00', '2025-04-18 17:15:00', 'no', 'http://event351.example.com', 'español', 'CONV01', 16776, 'P001', 44975, '1', '13', 'Sala 3'),
(352, 'Educación: Taller práctico #18', '2025-05-21 12:20:00', '2025-05-21 18:20:00', 'no', 'http://event352.example.com', 'español', NULL, 0, 'P071', 6624, '2', '8', 'Sala 4'),
(353, 'Deporte: Taller práctico #18', '2025-06-24 13:25:00', '2025-06-27 17:25:00', 'no', 'http://event353.example.com', 'español', 'CONV03', 43877, 'P192', 105557, '3', '4', 'Sala 5'),
(354, 'Medicina: Taller práctico #18', '2025-07-27 14:30:00', '2025-07-28 05:30:00', 'no', 'http://event354.example.com', 'español', 'CONV04', 8044, 'P106', 64526, '4', '12', 'Sala 6'),
(355, 'Robótica: Taller práctico #18', '2025-08-02 15:35:00', '2025-08-02 18:35:00', 'no', 'http://event355.example.com', 'español', NULL, 0, 'P198', 47943, '5', '13', 'Sala 7'),
(356, 'Emprendimiento: Taller práctico #18', '2025-09-05 16:40:00', '2025-09-05 21:40:00', 'no', 'http://event356.example.com', 'español', 'CONV06', 27252, 'P116', 33957, '1', '8', 'Sala 8'),
(357, 'Literatura: Taller práctico #18', '2025-10-08 17:45:00', '2025-10-08 23:45:00', 'no', 'http://event357.example.com', 'inglés', NULL, 0, 'P126', 47516, '2', '11', 'Sala 9'),
(358, 'Política Internacional, España en posguerra', '2025-11-11 18:50:00', '2025-11-14 19:50:00', 'no', 'http://event358.example.com', 'inglés', 'CONV08', 30514, 'P018', 102584, '3', '2', 'Sala 10'),
(359, 'Diseño gráfico: Taller práctico #18', '2025-12-14 19:55:00', '2025-12-15 09:55:00', 'no', 'http://event359.example.com', 'inglés', 'CONV09', 41844, 'P004', 57416, '4', '13', 'Sala 11'),
(360, 'Turismo internacional: Taller práctico #18', '2025-01-17 08:00:00', '2025-01-17 11:00:00', 'no', 'http://event360.example.com', 'español', 'CONV10', 26814, 'P069', 75729, '5', '8', 'Sala 12');

-- TABLA DESCRITO POR

-- INSERTO EN DESCRITO POR
INSERT INTO descrito_por (Evento, Categoria) VALUES 
(1,'C001'),
(2,'C002'),
(3,'C003'),
(4,'C004'),
(5,'C005'),
(6,'C006'),
(7,'C007'),
(8,'C008'),
(9,'C009'),
(10,'C010'),
(11,'C011'),
(12,'C012'),
(13,'C013'),
(14,'C014'),
(15,'C015'),
(16,'C016'),
(17,'C017'),
(18,'C018'),
(19,'C019'),
(20,'C020'),
(21,'C001'),
(22,'C002'),
(23,'C003'),
(24,'C004'),
(25,'C005'),
(26,'C006'),
(27,'C007'),
(28,'C008'),
(29,'C009'),
(30,'C010'),
(31,'C011'),
(32,'C012'),
(33,'C013'),
(34,'C014'),
(35,'C015'),
(36,'C016'),
(37,'C017'),
(38,'C018'),
(39,'C019'),
(40,'C020'),
(41,'C001'),
(42,'C002'),
(43,'C003'),
(44,'C004'),
(45,'C005'),
(46,'C006'),
(47,'C007'),
(48,'C008'),
(49,'C009'),
(50,'C010'),
(51,'C011'),
(52,'C012'),
(53,'C013'),
(54,'C014'),
(55,'C015'),
(56,'C016'),
(57,'C017'),
(58,'C018'),
(59,'C019'),
(60,'C020'),
(61,'C001'),
(62,'C002'),
(63,'C003'),
(64,'C004'),
(65,'C005'),
(66,'C006'),
(67,'C007'),
(68,'C008'),
(69,'C009'),
(70,'C010'),
(71,'C011'),
(72,'C012'),
(73,'C013'),
(74,'C014'),
(75,'C015'),
(76,'C016'),
(77,'C017'),
(78,'C018'),
(79,'C019'),
(80,'C020'),
(81,'C001'),
(82,'C002'),
(83,'C003'),
(84,'C004'),
(85,'C005'),
(86,'C006'),
(87,'C007'),
(88,'C008'),
(89,'C009'),
(90,'C010'),
(91,'C011'),
(92,'C012'),
(93,'C013'),
(94,'C014'),
(95,'C015'),
(96,'C016'),
(97,'C017'),
(98,'C018'),
(99,'C019'),
(100,'C020'),
(101,'C001'),
(102,'C002'),
(103,'C003'),
(104,'C004'),
(105,'C005'),
(106,'C006'),
(107,'C007'),
(108,'C008'),
(109,'C009'),
(110,'C010'),
(111,'C011'),
(112,'C012'),
(113,'C013'),
(114,'C014'),
(115,'C015'),
(116,'C016'),
(117,'C017'),
(118,'C018'),
(119,'C019'),
(120,'C020'),
(121,'C001'),
(122,'C002'),
(123,'C003'),
(124,'C004'),
(125,'C005'),
(126,'C006'),
(127,'C007'),
(128,'C008'),
(129,'C009'),
(130,'C010'),
(131,'C011'),
(132,'C012'),
(133,'C013'),
(134,'C014'),
(135,'C015'),
(136,'C016'),
(137,'C017'),
(138,'C018'),
(139,'C019'),
(140,'C020'),
(141,'C001'),
(142,'C002'),
(143,'C003'),
(144,'C004'),
(145,'C005'),
(146,'C006'),
(147,'C007'),
(148,'C008'),
(149,'C009'),
(150,'C010'),
(151,'C011'),
(152,'C012'),
(153,'C013'),
(154,'C014'),
(155,'C015'),
(156,'C016'),
(157,'C017'),
(158,'C018'),
(159,'C019'),
(160,'C020'),
(161,'C001'),
(162,'C002'),
(163,'C003'),
(164,'C004'),
(165,'C005'),
(166,'C006'),
(167,'C007'),
(168,'C008'),
(169,'C009'),
(170,'C010'),
(171,'C011'),
(172,'C012'),
(173,'C013'),
(174,'C014'),
(175,'C015'),
(176,'C016'),
(177,'C017'),
(178,'C018'),
(179,'C019'),
(180,'C020'),
(181,'C001'),
(182,'C002'),
(183,'C003'),
(184,'C004'),
(185,'C005'),
(186,'C006'),
(187,'C007'),
(188,'C008'),
(189,'C009'),
(190,'C010'),
(191,'C011'),
(192,'C012'),
(193,'C013'),
(194,'C014'),
(195,'C015'),
(196,'C016'),
(197,'C017'),
(198,'C018'),
(199,'C019'),
(200,'C020'),
(201,'C001'),
(202,'C002'),
(203,'C003'),
(204,'C004'),
(205,'C005'),
(206,'C006'),
(207,'C007'),
(208,'C008'),
(209,'C009'),
(210,'C010'),
(211,'C011'),
(212,'C012'),
(213,'C013'),
(214,'C014'),
(215,'C015'),
(216,'C016'),
(217,'C017'),
(218,'C018'),
(219,'C019'),
(220,'C020'),
(221,'C001'),
(222,'C002'),
(223,'C003'),
(224,'C004'),
(225,'C005'),
(226,'C006'),
(227,'C007'),
(228,'C008'),
(229,'C009'),
(230,'C010'),
(231,'C011'),
(232,'C012'),
(233,'C013'),
(234,'C014'),
(235,'C015'),
(236,'C016'),
(237,'C017'),
(238,'C018'),
(239,'C019'),
(240,'C020'),
(241,'C001'),
(242,'C002'),
(243,'C003'),
(244,'C004'),
(245,'C005'),
(246,'C006'),
(247,'C007'),
(248,'C008'),
(249,'C009'),
(250,'C010'),
(251,'C011'),
(252,'C012'),
(253,'C013'),
(254,'C014'),
(255,'C015'),
(256,'C016'),
(257,'C017'),
(258,'C018'),
(259,'C019'),
(260,'C020'),
(261,'C001'),
(262,'C002'),
(263,'C003'),
(264,'C004'),
(265,'C005'),
(266,'C006'),
(267,'C007'),
(268,'C008'),
(269,'C009'),
(270,'C010'),
(271,'C011'),
(272,'C012'),
(273,'C013'),
(274,'C014'),
(275,'C015'),
(276,'C016'),
(277,'C017'),
(278,'C018'),
(279,'C019'),
(280,'C020'),
(281,'C001'),
(282,'C002'),
(283,'C003'),
(284,'C004'),
(285,'C005'),
(286,'C006'),
(287,'C007'),
(288,'C008'),
(289,'C009'),
(290,'C010'),
(291,'C011'),
(292,'C012'),
(293,'C013'),
(294,'C014'),
(295,'C015'),
(296,'C016'),
(297,'C017'),
(298,'C018'),
(299,'C019'),
(300,'C020'),
(301,'C001'),
(302,'C002'),
(303,'C003'),
(304,'C004'),
(305,'C005'),
(306,'C006'),
(307,'C007'),
(308,'C008'),
(309,'C009'),
(310,'C010'),
(311,'C011'),
(312,'C012'),
(313,'C013'),
(314,'C014'),
(315,'C015'),
(316,'C016'),
(317,'C017'),
(318,'C018'),
(319,'C019'),
(320,'C020'),
(321,'C001'),
(322,'C002'),
(323,'C003'),
(324,'C004'),
(325,'C005'),
(326,'C006'),
(327,'C007'),
(328,'C008'),
(329,'C009'),
(330,'C010'),
(331,'C011'),
(332,'C012'),
(333,'C013'),
(334,'C014'),
(335,'C015'),
(336,'C016'),
(337,'C017'),
(338,'C018'),
(339,'C019'),
(340,'C020'),
(341,'C001'),
(342,'C002'),
(343,'C003'),
(344,'C004'),
(345,'C005'),
(346,'C006'),
(347,'C007'),
(348,'C008'),
(349,'C009'),
(350,'C010'),
(351,'C011'),
(352,'C012'),
(353,'C013'),
(354,'C014'),
(355,'C015'),
(356,'C016'),
(357,'C017'),
(358,'C018'),
(359,'C019'),
(360,'C020');

-- TABLA PARTICIPA

INSERT INTO participa (Participante, Evento, Num_horas) VALUES
('P111', 1, 9),
('P111', 2, 6),
('P111', 3, 3),
('P111', 4, 1),
('P161', 5, 8),
('P161', 6, 4),
('P161', 7, 7),
('P162', 8, 2),
('P162', 9, 10),
('P162', 10, 5),
('P162', 11, 9),
('P016', 12, 1),
('P016', 13, 3),
('P016', 14, 6),
('P182', 15, 8),
('P182', 16, 2),
('P182', 17, 7),
('P182', 18, 5),
('P124', 19, 10),
('P124', 20, 4),
('P123', 21, 9),
('P123', 22, 1),
('P123', 23, 3),
('P043', 24, 6),
('P043', 25, 8),
('P043', 26, 2),
('P158', 27, 7),
('P158', 28, 5),
('P165', 29, 10),
('P165', 30, 4),
('P165', 31, 9),
('P165', 32, 1),
('P136', 33, 3),
('P136', 34, 6),
('P136', 35, 8),
('P175', 36, 2),
('P175', 37, 7),
('P041', 38, 5),
('P041', 39, 10),
('P041', 40, 4),
('P164', 41, 9),
('P164', 42, 1),
('P164', 43, 3),
('P109', 44, 6),
('P109', 45, 8),
('P109', 46, 2),
('P091', 47, 7),
('P091', 48, 5),
('P091', 49, 10),
('P091', 50, 4),
('P035', 51, 9),
('P035', 52, 1),
('P023', 53, 3),
('P023', 54, 6),
('P131', 55, 8),
('P131', 56, 2),
('P198', 57, 7),
('P198', 58, 5),
('P168', 59, 10),
('P168', 60, 4),
('P168', 61, 9),
('P080', 62, 1),
('P080', 63, 3),
('P080', 64, 6),
('P080', 65, 8),
('P169', 66, 2),
('P169', 67, 7),
('P154', 68, 5),
('P154', 69, 10),
('P154', 70, 4),
('P154', 71, 9),
('P022', 72, 1),
('P022', 73, 3),
('P138', 74, 6),
('P138', 75, 8),
('P074', 76, 2),
('P074', 77, 7),
('P074', 78, 5),
('P122', 79, 10),
('P122', 80, 4),
('P122', 81, 9),
('P152', 82, 1),
('P152', 83, 3),
('P152', 84, 6),
('P081', 85, 8),
('P081', 86, 2),
('P081', 87, 7),
('P081', 88, 5),
('P060', 89, 10),
('P060', 90, 4),
('P060', 91, 9),
('P142', 92, 1),
('P142', 93, 3),
('P142', 94, 6),
('P084', 95, 8),
('P084', 96, 2),
('P094', 97, 7),
('P094', 98, 5),
('P203', 99, 10),
('P203', 100, 4),
('P203', 101, 9),
('P139', 102, 1),
('P139', 103, 3),
('P139', 104, 6),
('P127', 105, 8),
('P127', 106, 2),
('P127', 107, 7),
('P127', 108, 5),
('P174', 109, 10),
('P174', 110, 4),
('P174', 111, 9),
('P174', 112, 1),
('P110', 113, 3),
('P110', 114, 6),
('P092', 115, 8),
('P092', 116, 2),
('P092', 117, 7),
('P092', 118, 5),
('P096', 119, 10),
('P096', 120, 4),
('P096', 121, 9),
('P170', 122, 1),
('P170', 123, 3),
('P170', 124, 6),
('P073', 125, 8),
('P073', 126, 2),
('P116', 127, 7),
('P116', 128, 5),
('P116', 129, 10),
('P097', 130, 4),
('P097', 131, 9),
('P097', 132, 1),
('P042', 133, 3),
('P042', 134, 6),
('P042', 135, 8),
('P048', 136, 2),
('P048', 137, 7),
('P048', 138, 5),
('P106', 139, 10),
('P106', 140, 4),
('P106', 141, 9),
('P106', 142, 1),
('P192', 143, 3),
('P192', 144, 6),
('P192', 145, 8),
('P192', 146, 2),
('P121', 147, 7),
('P121', 148, 5),
('P121', 149, 10),
('P121', 150, 4),
('P133', 151, 9),
('P133', 152, 1),
('P133', 153, 3),
('P133', 154, 6),
('P163', 155, 8),
('P163', 156, 2),
('P163', 157, 7),
('P163', 158, 5),
('P033', 159, 10),
('P033', 160, 4),
('P149', 161, 9),
('P149', 162, 1),
('P149', 163, 3),
('P179', 164, 6),
('P179', 165, 8),
('P009', 166, 2),
('P009', 167, 7),
('P009', 168, 5),
('P058', 169, 10),
('P058', 170, 4),
('P058', 171, 9),
('P082', 172, 1),
('P082', 173, 3),
('P082', 174, 6),
('P204', 175, 8),
('P204', 176, 2),
('P032', 177, 7),
('P032', 178, 5),
('P032', 179, 10),
('P193', 180, 4),
('P193', 181, 9),
('P193', 182, 1),
('P055', 183, 3),
('P055', 184, 6),
('P055', 185, 8),
('P055', 186, 2),
('P014', 187, 7),
('P014', 188, 5),
('P014', 189, 10),
('P014', 190, 4),
('P051', 191, 9),
('P051', 192, 1),
('P051', 193, 3),
('P013', 194, 6),
('P013', 195, 8),
('P013', 196, 2),
('P013', 197, 7),
('P020', 198, 5),
('P020', 199, 10),
('P112', 200, 4),
('P112', 201, 9),
('P112', 202, 1),
('P083', 203, 3),
('P083', 204, 6),
('P098', 205, 8),
('P098', 206, 2),
('P098', 207, 7),
('P098', 208, 5),
('P114', 209, 10),
('P114', 210, 4),
('P114', 211, 9),
('P114', 212, 1),
('P102', 213, 3),
('P102', 214, 6),
('P085', 215, 8),
('P085', 216, 2),
('P085', 217, 7),
('P113', 218, 5),
('P113', 219, 10),
('P113', 220, 4),
('P113', 221, 9),
('P129', 222, 1),
('P129', 223, 3),
('P129', 224, 6),
('P129', 225, 8),
('P159', 226, 2),
('P159', 227, 7),
('P159', 228, 5),
('P159', 229, 10),
('P066', 230, 4),
('P066', 231, 9),
('P095', 232, 1),
('P095', 233, 3),
('P132', 234, 6),
('P132', 235, 8),
('P132', 236, 2),
('P132', 237, 7),
('P012', 238, 5),
('P012', 239, 10),
('P012', 240, 4),
('P056', 241, 9),
('P056', 242, 1),
('P117', 243, 3),
('P117', 244, 6),
('P117', 245, 8),
('P070', 246, 2),
('P070', 247, 7),
('P072', 248, 5),
('P072', 249, 10),
('P047', 250, 4),
('P047', 251, 9),
('P047', 252, 1),
('P078', 253, 3),
('P078', 254, 6),
('P078', 255, 8),
('P077', 256, 2),
('P077', 257, 7),
('P077', 258, 5),
('P028', 259, 10),
('P028', 260, 4),
('P087', 261, 9),
('P087', 262, 1),
('P087', 263, 3),
('P050', 264, 6),
('P050', 265, 8),
('P050', 266, 2),
('P151', 267, 7),
('P151', 268, 5),
('P151', 269, 10),
('P031', 270, 4),
('P031', 271, 9),
('P031', 272, 1),
('P011', 273, 3),
('P011', 274, 6),
('P011', 275, 8),
('P029', 276, 2),
('P029', 277, 7),
('P029', 278, 5),
('P061', 279, 10),
('P061', 280, 4),
('P061', 281, 9),
('P108', 282, 1),
('P108', 283, 3),
('P190', 284, 6),
('P190', 285, 8),
('P190', 286, 2),
('P196', 287, 7),
('P196', 288, 5),
('P140', 289, 10),
('P140', 290, 4),
('P140', 291, 9),
('P140', 292, 1),
('P194', 293, 3),
('P194', 294, 6),
('P194', 295, 8),
('P194', 296, 2),
('P053', 297, 7),
('P053', 298, 5),
('P172', 299, 10),
('P172', 300, 4),
('P172', 301, 9),
('P075', 302, 1),
('P075', 303, 3),
('P044', 304, 6),
('P044', 305, 8),
('P044', 306, 2),
('P044', 307, 7),
('P201', 308, 5),
('P201', 309, 10),
('P015', 310, 4),
('P015', 311, 9),
('P015', 312, 1),
('P015', 313, 3),
('P178', 314, 6),
('P178', 315, 8),
('P069', 316, 2),
('P069', 317, 7),
('P026', 318, 5),
('P026', 319, 10),
('P130', 320, 4),
('P130', 321, 9),
('P167', 322, 1),
('P167', 323, 3),
('P045', 324, 6),
('P045', 325, 8),
('P045', 326, 2),
('P045', 327, 7),
('P039', 328, 5),
('P039', 329, 10),
('P062', 330, 4),
('P062', 331, 9),
('P153', 332, 1),
('P153', 333, 3),
('P145', 334, 6),
('P145', 335, 8),
('P145', 336, 2),
('P173', 337, 7),
('P173', 338, 5),
('P173', 339, 10),
('P173', 340, 4),
('P188', 341, 9),
('P188', 342, 1),
('P030', 343, 3),
('P030', 344, 6),
('P030', 345, 8),
('P030', 346, 2),
('P071', 347, 7),
('P071', 348, 5),
('P001', 349, 10),
('P001', 350, 4),
('P001', 351, 9),
('P071', 352, 1),
('P192', 353, 3),
('P106', 354, 6),
('P198', 355, 8),
('P116', 356, 2),
('P126', 357, 7),
('P018', 358, 5),
('P004', 359, 10),
('P069', 360, 4),
('P002', 1, 9),
('P003', 2, 1),
('P005', 3, 3),
('P006', 4, 6),
('P007', 5, 8),
('P008', 6, 2),
('P010', 7, 7),
('P017', 8, 5),
('P019', 9, 10),
('P021', 10, 4),
('P024', 11, 9),
('P025', 12, 1),
('P027', 13, 3),
('P034', 14, 6),
('P036', 15, 8),
('P037', 16, 2),
('P038', 17, 7),
('P040', 18, 5),
('P046', 19, 10),
('P049', 20, 4),
('P052', 21, 9),
('P054', 22, 1),
('P057', 23, 3),
('P059', 24, 6),
('P063', 25, 8),
('P064', 26, 2),
('P065', 27, 7),
('P067', 28, 5),
('P068', 29, 10),
('P076', 30, 4),
('P079', 31, 9),
('P088', 32, 1),
('P089', 33, 3),
('P090', 34, 6),
('P099', 35, 8),
('P100', 36, 2),
('P101', 37, 7),
('P103', 38, 5),
('P104', 39, 10),
('P105', 40, 4),
('P107', 41, 9),
('P108', 42, 1),
('P111', 43, 3),
('P112', 44, 6),
('P113', 45, 8),
('P114', 46, 2),
('P115', 47, 7),
('P117', 48, 5),
('P118', 49, 10),
('P119', 50, 4),
('P120', 51, 9),
('P123', 52, 1),
('P124', 53, 3),
('P125', 54, 6),
('P126', 55, 8),
('P128', 56, 2),
('P129', 57, 7),
('P131', 58, 5),
('P132', 59, 10),
('P134', 60, 4),
('P135', 61, 9),
('P136', 62, 1),
('P137', 63, 3),
('P138', 64, 6),
('P141', 65, 8),
('P143', 66, 2),
('P144', 67, 7),
('P146', 68, 5),
('P147', 69, 10),
('P148', 70, 4),
('P150', 71, 9),
('P152', 72, 1),
('P153', 73, 3),
('P154', 74, 6),
('P155', 75, 8),
('P156', 76, 2),
('P157', 77, 7),
('P158', 78, 5),
('P160', 79, 10),
('P161', 80, 4),
('P162', 81, 9),
('P163', 82, 1),
('P164', 83, 3),
('P165', 84, 6),
('P166', 85, 8),
('P167', 86, 2),
('P168', 87, 7),
('P169', 88, 5),
('P170', 89, 10),
('P171', 90, 4),
('P172', 91, 9),
('P173', 92, 1),
('P174', 93, 3),
('P175', 94, 6),
('P176', 95, 8),
('P177', 96, 2),
('P178', 97, 7),
('P179', 98, 5),
('P180', 99, 10),
('P181', 100, 4),
('P182', 101, 9),
('P183', 102, 1),
('P184', 103, 3),
('P185', 104, 6),
('P186', 105, 8),
('P187', 106, 2),
('P188', 107, 7),
('P189', 108, 5),
('P190', 109, 10),
('P191', 110, 4),
('P192', 111, 9),
('P193', 112, 1),
('P194', 113, 3),
('P195', 114, 6),
('P196', 115, 8),
('P197', 116, 2),
('P198', 117, 7),
('P199', 118, 5),
('P200', 119, 10),
('P201', 120, 4),
('P202', 121, 9),
('P203', 122, 1),
('P204', 123, 3),
('P205', 124, 6),
('P206', 125, 8),
('P207', 126, 2),
('P208', 127, 7),
('P209', 128, 5),
('P210', 129, 10),
('P211', 130, 4),
('P212', 131, 9),
('P213', 132, 1),
('P214', 133, 3),
('P215', 134, 6),
('P216', 135, 8),
('P217', 136, 2),
('P218', 137, 7),
('P219', 138, 5),
('P220', 139, 10),
('P221', 140, 4),
('P222', 141, 9),
('P223', 142, 1),
('P224', 143, 3),
('P225', 144, 6),
('P226', 145, 8),
('P227', 146, 2),
('P228', 147, 7),
('P229', 148, 5),
('P230', 149, 10),
('P231', 150, 4),
('P232', 151, 9),
('P233', 152, 1),
('P234', 153, 3),
('P235', 154, 6),
('P236', 155, 8),
('P237', 156, 2),
('P238', 157, 7),
('P239', 158, 5),
('P240', 159, 10),
('P241', 160, 4),
('P242', 161, 9),
('P243', 162, 1),
('P244', 163, 3),
('P245', 164, 6),
('P246', 165, 8),
('P247', 166, 2),
('P248', 167, 7),
('P249', 168, 5),
('P250', 169, 10),
('P251', 170, 4),
('P252', 171, 9),
('P253', 172, 1),
('P254', 173, 3),
('P255', 174, 6),
('P256', 175, 8),
('P257', 176, 2),
('P258', 177, 7),
('P259', 178, 5),
('P260', 179, 10),
('P261', 180, 4),
('P262', 181, 9),
('P263', 182, 1),
('P264', 183, 3),
('P265', 184, 6),
('P266', 185, 8),
('P267', 186, 2),
('P268', 187, 7),
('P269', 188, 5),
('P270', 189, 10),
('P271', 190, 4),
('P272', 191, 9),
('P273', 192, 1),
('P274', 193, 3),
('P275', 194, 6),
('P276', 195, 8),
('P277', 196, 2),
('P278', 197, 7),
('P279', 198, 5),
('P280', 199, 10),
('P281', 200, 4),
('P282', 201, 9),
('P283', 202, 1),
('P284', 203, 3),
('P285', 204, 6),
('P286', 205, 8),
('P287', 206, 2),
('P288', 207, 7),
('P289', 208, 5),
('P290', 209, 10),
('P291', 210, 4),
('P292', 211, 9),
('P293', 212, 1),
('P294', 213, 3),
('P295', 214, 6),
('P296', 215, 8),
('P297', 216, 2),
('P298', 217, 7),
('P299', 218, 5),
('P300', 219, 10),
('P301', 220, 4),
('P302', 221, 9),
('P303', 222, 1),
('P304', 223, 3),
('P305', 224, 6),
('P306', 225, 8),
('P307', 226, 2),
('P308', 227, 7),
('P309', 228, 5),
('P310', 229, 10),
('P311', 230, 4),
('P312', 231, 9),
('P313', 232, 1),
('P314', 233, 3),
('P315', 234, 6),
('P316', 235, 8),
('P317', 236, 2),
('P318', 237, 7),
('P319', 238, 5),
('P320', 239, 10),
('P321', 240, 4),
('P322', 241, 9),
('P323', 242, 1),
('P324', 243, 3),
('P325', 244, 6),
('P326', 245, 8),
('P327', 246, 2),
('P328', 247, 7),
('P329', 248, 5),
('P330', 249, 10),
('P331', 250, 4),
('P332', 251, 9),
('P333', 252, 1),
('P334', 253, 3),
('P335', 254, 6),
('P336', 255, 8),
('P337', 256, 2),
('P338', 257, 7),
('P339', 258, 5),
('P340', 259, 10),
('P341', 260, 4),
('P342', 261, 9),
('P343', 262, 1),
('P344', 263, 3),
('P345', 264, 6),
('P346', 265, 8),
('P347', 266, 2),
('P348', 267, 7),
('P349', 268, 5),
('P350', 269, 10),
('P351', 270, 4),
('P352', 271, 9),
('P353', 272, 1),
('P354', 273, 3),
('P355', 274, 6),
('P356', 275, 8),
('P357', 276, 2),
('P358', 277, 7),
('P359', 278, 5),
('P360', 279, 10),
('P361', 280, 4),
('P362', 281, 9),
('P363', 282, 1),
('P364', 283, 3),
('P365', 284, 6),
('P366', 285, 8),
('P367', 286, 2),
('P368', 287, 7),
('P369', 288, 5),
('P370', 289, 10),
('P371', 290, 4),
('P372', 291, 9),
('P373', 292, 1),
('P374', 293, 3),
('P375', 294, 6),
('P376', 295, 8),
('P377', 296, 2),
('P378', 297, 7),
('P379', 298, 5),
('P380', 299, 10),
('P381', 300, 4),
('P382', 301, 9),
('P383', 302, 1),
('P384', 303, 3),
('P385', 304, 6),
('P386', 305, 8),
('P387', 306, 2),
('P388', 307, 7),
('P389', 308, 5),
('P390', 309, 10),
('P391', 310, 4),
('P392', 311, 9),
('P393', 312, 1),
('P394', 313, 3),
('P395', 314, 6),
('P396', 315, 8),
('P397', 316, 2),
('P398', 317, 7),
('P399', 318, 5),
('P400', 319, 10);